C_Depto,Descripción,C_Municipio,Descripción,C_Aldea,Aldea,C_Cas,Caserío,C_Bar,Barrio,T_Viviendas,T_Viv_Part,Viv_Part_Ocupadas,Viv_Part_Desocupadas,Viv_Colectivas,Hogares,Poblacion
8,FRANCISCO MORAZÁN,1,DISTRITO CENTRAL,1,DISTRITO CENTRAL,1,DISTRITO CENTRAL,382,ALDEA LA  JOYA,683,682,639,43,1,654,2672
8,FRANCISCO MORAZÁN,1,DISTRITO CENTRAL,1,DISTRITO CENTRAL,1,DISTRITO CENTRAL,524,ALDEA LA CAÑADA,514,512,481,31,3,509,2165
8,FRANCISCO MORAZÁN,1,DISTRITO CENTRAL,1,DISTRITO CENTRAL,1,DISTRITO CENTRAL,371,ALDEA LA SOLEDAD,264,264,232,32,0,239,1088
8,FRANCISCO MORAZÁN,1,DISTRITO CENTRAL,1,DISTRITO CENTRAL,1,DISTRITO CENTRAL,372,ALDEA LA TRAVESÍA,3481,3479,3225,254,2,3410,14885
8,FRANCISCO MORAZÁN,1,DISTRITO CENTRAL,1,DISTRITO CENTRAL,1,DISTRITO CENTRAL,617,ALDEA S.O.S.,1,1,1,0,0,1,8
8,FRANCISCO MORAZÁN,1,DISTRITO CENTRAL,1,DISTRITO CENTRAL,1,DISTRITO CENTRAL,373,ALDEA SUYAPA,1334,1330,1236,94,4,1349,5845
8,FRANCISCO MORAZÁN,1,DISTRITO CENTRAL,1,DISTRITO CENTRAL,1,DISTRITO CENTRAL,374,AVE. LA PAZ,16,16,14,2,0,14,70
8,FRANCISCO MORAZÁN,1,DISTRITO CENTRAL,1,DISTRITO CENTRAL,1,DISTRITO CENTRAL,700,BARRIO AGUA DULCE 1,83,83,83,0,0,88,369
8,FRANCISCO MORAZÁN,1,DISTRITO CENTRAL,1,DISTRITO CENTRAL,1,DISTRITO CENTRAL,701,BARRIO EL GUAYABAL,80,80,73,7,0,75,307
8,FRANCISCO MORAZÁN,1,DISTRITO CENTRAL,1,DISTRITO CENTRAL,1,DISTRITO CENTRAL,17,BO.  EL CHILE,774,774,713,61,0,749,3018
8,FRANCISCO MORAZÁN,1,DISTRITO CENTRAL,1,DISTRITO CENTRAL,1,DISTRITO CENTRAL,4,BO.  SIMON BOLÍVAR,126,126,96,30,0,102,412
8,FRANCISCO MORAZÁN,1,DISTRITO CENTRAL,1,DISTRITO CENTRAL,1,DISTRITO CENTRAL,1,BO. ABAJO,277,277,246,31,0,247,820
8,FRANCISCO MORAZÁN,1,DISTRITO CENTRAL,1,DISTRITO CENTRAL,1,DISTRITO CENTRAL,383,BO. ALTOS DEL BOSQUE O 13 DE FEBRER,98,98,97,1,0,111,532
8,FRANCISCO MORAZÁN,1,DISTRITO CENTRAL,1,DISTRITO CENTRAL,1,DISTRITO CENTRAL,2,BO. BELÉN,1086,1082,886,196,4,904,3532
8,FRANCISCO MORAZÁN,1,DISTRITO CENTRAL,1,DISTRITO CENTRAL,1,DISTRITO CENTRAL,3,BO. BELLA VISTA,1255,1255,1159,96,0,1214,4944
8,FRANCISCO MORAZÁN,1,DISTRITO CENTRAL,1,DISTRITO CENTRAL,1,DISTRITO CENTRAL,121,BO. BRISAS DEL PICACHO,234,234,226,8,0,266,1247
8,FRANCISCO MORAZÁN,1,DISTRITO CENTRAL,1,DISTRITO CENTRAL,1,DISTRITO CENTRAL,6,BO. BUENA VISTA,72,72,72,0,0,73,297
8,FRANCISCO MORAZÁN,1,DISTRITO CENTRAL,1,DISTRITO CENTRAL,1,DISTRITO CENTRAL,7,BO. BUENOS AIRES,843,838,712,126,5,724,2923
8,FRANCISCO MORAZÁN,1,DISTRITO CENTRAL,1,DISTRITO CENTRAL,1,DISTRITO CENTRAL,38,BO. BURRERA,286,284,251,33,2,252,1002
8,FRANCISCO MORAZÁN,1,DISTRITO CENTRAL,1,DISTRITO CENTRAL,1,DISTRITO CENTRAL,8,BO. CAMAGUARA,286,285,241,44,1,249,1044
8,FRANCISCO MORAZÁN,1,DISTRITO CENTRAL,1,DISTRITO CENTRAL,1,DISTRITO CENTRAL,10,BO. CENTRO DE COMAYAGUELA,410,405,321,84,5,326,946
8,FRANCISCO MORAZÁN,1,DISTRITO CENTRAL,1,DISTRITO CENTRAL,1,DISTRITO CENTRAL,11,BO. CENTRO DE TEGUCIGALPA,65,65,65,0,0,66,159
8,FRANCISCO MORAZÁN,1,DISTRITO CENTRAL,1,DISTRITO CENTRAL,1,DISTRITO CENTRAL,61,BO. COLINAS,82,82,79,3,0,79,287
8,FRANCISCO MORAZÁN,1,DISTRITO CENTRAL,1,DISTRITO CENTRAL,1,DISTRITO CENTRAL,12,BO. CONCEPCIÓN,732,732,610,122,0,615,2127
8,FRANCISCO MORAZÁN,1,DISTRITO CENTRAL,1,DISTRITO CENTRAL,1,DISTRITO CENTRAL,13,BO. EL BOSQUE,1205,1204,1070,134,1,1125,4798
8,FRANCISCO MORAZÁN,1,DISTRITO CENTRAL,1,DISTRITO CENTRAL,1,DISTRITO CENTRAL,14,BO. EL CALVARIO,201,200,179,21,1,183,689
8,FRANCISCO MORAZÁN,1,DISTRITO CENTRAL,1,DISTRITO CENTRAL,1,DISTRITO CENTRAL,15,BO. EL CARRIZAL,94,94,88,6,0,88,377
8,FRANCISCO MORAZÁN,1,DISTRITO CENTRAL,1,DISTRITO CENTRAL,1,DISTRITO CENTRAL,895,BO. EL CHORIZO,43,43,39,4,0,39,145
8,FRANCISCO MORAZÁN,1,DISTRITO CENTRAL,1,DISTRITO CENTRAL,1,DISTRITO CENTRAL,16,BO. EL COCO,163,163,163,0,0,166,622
8,FRANCISCO MORAZÁN,1,DISTRITO CENTRAL,1,DISTRITO CENTRAL,1,DISTRITO CENTRAL,18,BO. EL EDÉN,157,157,141,16,0,143,588
8,FRANCISCO MORAZÁN,1,DISTRITO CENTRAL,1,DISTRITO CENTRAL,1,DISTRITO CENTRAL,19,BO. EL EDÉN,294,294,279,15,0,282,1250
8,FRANCISCO MORAZÁN,1,DISTRITO CENTRAL,1,DISTRITO CENTRAL,1,DISTRITO CENTRAL,21,BO. EL JAZMÍN,38,38,38,0,0,38,129
8,FRANCISCO MORAZÁN,1,DISTRITO CENTRAL,1,DISTRITO CENTRAL,1,DISTRITO CENTRAL,22,BO. EL MANCHEN,939,938,851,87,1,861,3428
8,FRANCISCO MORAZÁN,1,DISTRITO CENTRAL,1,DISTRITO CENTRAL,1,DISTRITO CENTRAL,945,BO. EL MANZANAL,38,38,34,4,0,34,160
8,FRANCISCO MORAZÁN,1,DISTRITO CENTRAL,1,DISTRITO CENTRAL,1,DISTRITO CENTRAL,23,BO. EL OBELISCO,36,36,27,9,0,27,93
8,FRANCISCO MORAZÁN,1,DISTRITO CENTRAL,1,DISTRITO CENTRAL,1,DISTRITO CENTRAL,24,BO. EL OLVIDO,79,79,64,15,0,64,226
8,FRANCISCO MORAZÁN,1,DISTRITO CENTRAL,1,DISTRITO CENTRAL,1,DISTRITO CENTRAL,25,BO. EL PASTEL,252,252,196,56,0,198,781
8,FRANCISCO MORAZÁN,1,DISTRITO CENTRAL,1,DISTRITO CENTRAL,1,DISTRITO CENTRAL,26,BO. EL PEDREGALITO,738,737,668,69,1,710,2989
8,FRANCISCO MORAZÁN,1,DISTRITO CENTRAL,1,DISTRITO CENTRAL,1,DISTRITO CENTRAL,27,BO. EL PICACHITO,559,559,527,32,0,566,2497
8,FRANCISCO MORAZÁN,1,DISTRITO CENTRAL,1,DISTRITO CENTRAL,1,DISTRITO CENTRAL,28,BO. EL REPARTO,1957,1957,1826,131,0,1892,8183
8,FRANCISCO MORAZÁN,1,DISTRITO CENTRAL,1,DISTRITO CENTRAL,1,DISTRITO CENTRAL,29,BO. EL RINCÓN,205,205,200,5,0,207,887
8,FRANCISCO MORAZÁN,1,DISTRITO CENTRAL,1,DISTRITO CENTRAL,1,DISTRITO CENTRAL,384,BO. EL SOCORRO,297,297,297,0,0,299,1168
8,FRANCISCO MORAZÁN,1,DISTRITO CENTRAL,1,DISTRITO CENTRAL,1,DISTRITO CENTRAL,30,BO. EL VASILÓN,36,36,33,3,0,33,131
8,FRANCISCO MORAZÁN,1,DISTRITO CENTRAL,1,DISTRITO CENTRAL,1,DISTRITO CENTRAL,32,BO. GUACERIQUE,132,132,98,34,0,99,445
8,FRANCISCO MORAZÁN,1,DISTRITO CENTRAL,1,DISTRITO CENTRAL,1,DISTRITO CENTRAL,33,BO. GUADALUPE,972,972,908,64,0,926,3595
8,FRANCISCO MORAZÁN,1,DISTRITO CENTRAL,1,DISTRITO CENTRAL,1,DISTRITO CENTRAL,20,BO. GUANACASTE,491,490,455,35,1,473,1894
8,FRANCISCO MORAZÁN,1,DISTRITO CENTRAL,1,DISTRITO CENTRAL,1,DISTRITO CENTRAL,34,BO. JACALEAPA,32,32,24,8,0,24,95
8,FRANCISCO MORAZÁN,1,DISTRITO CENTRAL,1,DISTRITO CENTRAL,1,DISTRITO CENTRAL,35,BO. JARDÍN DE LAS MERCEDES,332,332,308,24,0,337,1423
8,FRANCISCO MORAZÁN,1,DISTRITO CENTRAL,1,DISTRITO CENTRAL,1,DISTRITO CENTRAL,37,BO. LA BOLSA,68,67,51,16,1,54,189
8,FRANCISCO MORAZÁN,1,DISTRITO CENTRAL,1,DISTRITO CENTRAL,1,DISTRITO CENTRAL,39,BO. LA CABAÑA,722,722,644,78,0,660,2647
8,FRANCISCO MORAZÁN,1,DISTRITO CENTRAL,1,DISTRITO CENTRAL,1,DISTRITO CENTRAL,42,BO. LA CHIVERA,136,135,127,8,1,129,470
8,FRANCISCO MORAZÁN,1,DISTRITO CENTRAL,1,DISTRITO CENTRAL,1,DISTRITO CENTRAL,40,BO. LA CONCORDIA,89,89,78,11,0,83,357
8,FRANCISCO MORAZÁN,1,DISTRITO CENTRAL,1,DISTRITO CENTRAL,1,DISTRITO CENTRAL,41,BO. LA CUESTA NO. 1,491,490,447,43,1,473,2135
8,FRANCISCO MORAZÁN,1,DISTRITO CENTRAL,1,DISTRITO CENTRAL,1,DISTRITO CENTRAL,43,BO. LA ESPERANZA,143,142,115,27,1,122,496
8,FRANCISCO MORAZÁN,1,DISTRITO CENTRAL,1,DISTRITO CENTRAL,1,DISTRITO CENTRAL,984,BO. LA ESTANZUELA,43,43,31,12,0,31,147
8,FRANCISCO MORAZÁN,1,DISTRITO CENTRAL,1,DISTRITO CENTRAL,1,DISTRITO CENTRAL,44,BO. LA ESTRELLA,174,174,157,17,0,165,726
8,FRANCISCO MORAZÁN,1,DISTRITO CENTRAL,1,DISTRITO CENTRAL,1,DISTRITO CENTRAL,45,BO. LA FUENTE,201,199,154,45,2,159,591
8,FRANCISCO MORAZÁN,1,DISTRITO CENTRAL,1,DISTRITO CENTRAL,1,DISTRITO CENTRAL,46,BO. LA GRANJA,403,402,350,52,1,351,1399
8,FRANCISCO MORAZÁN,1,DISTRITO CENTRAL,1,DISTRITO CENTRAL,1,DISTRITO CENTRAL,47,BO. LA HOYA,146,146,146,0,0,150,584
8,FRANCISCO MORAZÁN,1,DISTRITO CENTRAL,1,DISTRITO CENTRAL,1,DISTRITO CENTRAL,48,BO. LA ISLA,25,25,25,0,0,26,102
8,FRANCISCO MORAZÁN,1,DISTRITO CENTRAL,1,DISTRITO CENTRAL,1,DISTRITO CENTRAL,49,BO. LA JOYA 1,15,15,14,1,0,14,60
8,FRANCISCO MORAZÁN,1,DISTRITO CENTRAL,1,DISTRITO CENTRAL,1,DISTRITO CENTRAL,51,BO. LA LEONA,466,461,424,37,5,424,1605
8,FRANCISCO MORAZÁN,1,DISTRITO CENTRAL,1,DISTRITO CENTRAL,1,DISTRITO CENTRAL,602,BO. LA LOMA,15,14,14,0,1,15,126
8,FRANCISCO MORAZÁN,1,DISTRITO CENTRAL,1,DISTRITO CENTRAL,1,DISTRITO CENTRAL,891,BO. LA LOMA II ETAPA O CONDOMINIOS CIUDAD MILANO,14,14,14,0,0,14,64
8,FRANCISCO MORAZÁN,1,DISTRITO CENTRAL,1,DISTRITO CENTRAL,1,DISTRITO CENTRAL,621,BO. LA MERCED,10,10,10,0,0,10,46
8,FRANCISCO MORAZÁN,1,DISTRITO CENTRAL,1,DISTRITO CENTRAL,1,DISTRITO CENTRAL,55,BO. LA PAGODA,323,323,307,16,0,312,1220
8,FRANCISCO MORAZÁN,1,DISTRITO CENTRAL,1,DISTRITO CENTRAL,1,DISTRITO CENTRAL,56,BO. LA PEDRERA NO.1,41,41,32,9,0,32,103
8,FRANCISCO MORAZÁN,1,DISTRITO CENTRAL,1,DISTRITO CENTRAL,1,DISTRITO CENTRAL,58,BO. LA PLAZUELA,143,143,132,11,0,135,488
8,FRANCISCO MORAZÁN,1,DISTRITO CENTRAL,1,DISTRITO CENTRAL,1,DISTRITO CENTRAL,59,BO. LA RONDA,250,250,243,7,0,243,990
8,FRANCISCO MORAZÁN,1,DISTRITO CENTRAL,1,DISTRITO CENTRAL,1,DISTRITO CENTRAL,60,BO. LA SOLEDAD,430,430,405,25,0,411,1809
8,FRANCISCO MORAZÁN,1,DISTRITO CENTRAL,1,DISTRITO CENTRAL,1,DISTRITO CENTRAL,94,BO. LA ZARAGOSA,116,116,107,9,0,112,447
8,FRANCISCO MORAZÁN,1,DISTRITO CENTRAL,1,DISTRITO CENTRAL,1,DISTRITO CENTRAL,62,BO. LAS CRUCITAS,1226,1225,1052,173,1,1075,4420
8,FRANCISCO MORAZÁN,1,DISTRITO CENTRAL,1,DISTRITO CENTRAL,1,DISTRITO CENTRAL,64,BO. LAS DELICIAS,154,154,140,14,0,147,544
8,FRANCISCO MORAZÁN,1,DISTRITO CENTRAL,1,DISTRITO CENTRAL,1,DISTRITO CENTRAL,65,BO. LAS PALOMAS,70,70,64,6,0,64,222
8,FRANCISCO MORAZÁN,1,DISTRITO CENTRAL,1,DISTRITO CENTRAL,1,DISTRITO CENTRAL,66,BO. LEMPIRA,458,456,416,40,2,421,1719
8,FRANCISCO MORAZÁN,1,DISTRITO CENTRAL,1,DISTRITO CENTRAL,1,DISTRITO CENTRAL,67,BO. LOS DOLORES,85,85,83,2,0,85,263
8,FRANCISCO MORAZÁN,1,DISTRITO CENTRAL,1,DISTRITO CENTRAL,1,DISTRITO CENTRAL,69,BO. LOS GIRASOLES,49,48,35,13,1,38,156
8,FRANCISCO MORAZÁN,1,DISTRITO CENTRAL,1,DISTRITO CENTRAL,1,DISTRITO CENTRAL,601,BO. LOS HIGUEROS,20,20,20,0,0,25,118
8,FRANCISCO MORAZÁN,1,DISTRITO CENTRAL,1,DISTRITO CENTRAL,1,DISTRITO CENTRAL,70,BO. LOS PROFESORES,142,142,117,25,0,117,416
8,FRANCISCO MORAZÁN,1,DISTRITO CENTRAL,1,DISTRITO CENTRAL,1,DISTRITO CENTRAL,71,BO. MIRAFLOR,141,140,80,60,1,81,295
8,FRANCISCO MORAZÁN,1,DISTRITO CENTRAL,1,DISTRITO CENTRAL,1,DISTRITO CENTRAL,72,BO. MIRAMESI,137,137,135,2,0,142,600
8,FRANCISCO MORAZÁN,1,DISTRITO CENTRAL,1,DISTRITO CENTRAL,1,DISTRITO CENTRAL,54,BO. MONCADA,51,51,51,0,0,52,227
8,FRANCISCO MORAZÁN,1,DISTRITO CENTRAL,1,DISTRITO CENTRAL,1,DISTRITO CENTRAL,73,BO. MORAZÁN,964,963,839,124,1,867,3324
8,FRANCISCO MORAZÁN,1,DISTRITO CENTRAL,1,DISTRITO CENTRAL,1,DISTRITO CENTRAL,74,BO. PERPETUO SOCORRO,939,936,800,136,3,821,3394
8,FRANCISCO MORAZÁN,1,DISTRITO CENTRAL,1,DISTRITO CENTRAL,1,DISTRITO CENTRAL,75,BO. PLANES DE LA LOMA,32,32,32,0,0,33,141
8,FRANCISCO MORAZÁN,1,DISTRITO CENTRAL,1,DISTRITO CENTRAL,1,DISTRITO CENTRAL,76,BO. PUEBLO NUEVO,85,84,83,1,1,90,431
8,FRANCISCO MORAZÁN,1,DISTRITO CENTRAL,1,DISTRITO CENTRAL,1,DISTRITO CENTRAL,77,BO. PUNTA CALIENTE,122,122,67,55,0,67,266
8,FRANCISCO MORAZÁN,1,DISTRITO CENTRAL,1,DISTRITO CENTRAL,1,DISTRITO CENTRAL,78,BO. SALIDA A VALLE DE ANGELES,23,23,22,1,0,22,83
8,FRANCISCO MORAZÁN,1,DISTRITO CENTRAL,1,DISTRITO CENTRAL,1,DISTRITO CENTRAL,79,BO. SALIDA DEL SUR,43,43,36,7,0,37,154
8,FRANCISCO MORAZÁN,1,DISTRITO CENTRAL,1,DISTRITO CENTRAL,1,DISTRITO CENTRAL,80,BO. SAN CRISTÓBAL,192,192,183,9,0,190,868
8,FRANCISCO MORAZÁN,1,DISTRITO CENTRAL,1,DISTRITO CENTRAL,1,DISTRITO CENTRAL,81,BO. SAN FELIPE,59,59,44,15,0,44,143
8,FRANCISCO MORAZÁN,1,DISTRITO CENTRAL,1,DISTRITO CENTRAL,1,DISTRITO CENTRAL,605,BO. SAN ISIDRO,81,81,74,7,0,74,279
8,FRANCISCO MORAZÁN,1,DISTRITO CENTRAL,1,DISTRITO CENTRAL,1,DISTRITO CENTRAL,82,BO. SAN JORGE,64,64,47,17,0,48,177
8,FRANCISCO MORAZÁN,1,DISTRITO CENTRAL,1,DISTRITO CENTRAL,1,DISTRITO CENTRAL,83,BO. SAN JUAN DE DIOS,121,121,99,22,0,102,448
8,FRANCISCO MORAZÁN,1,DISTRITO CENTRAL,1,DISTRITO CENTRAL,1,DISTRITO CENTRAL,85,BO. SAN PABLO,991,991,923,68,0,965,4012
8,FRANCISCO MORAZÁN,1,DISTRITO CENTRAL,1,DISTRITO CENTRAL,1,DISTRITO CENTRAL,86,BO. SAN RAFAEL,179,179,164,15,0,167,552
8,FRANCISCO MORAZÁN,1,DISTRITO CENTRAL,1,DISTRITO CENTRAL,1,DISTRITO CENTRAL,88,BO. SAUCIQUE,158,158,131,27,0,144,648
8,FRANCISCO MORAZÁN,1,DISTRITO CENTRAL,1,DISTRITO CENTRAL,1,DISTRITO CENTRAL,89,BO. SIPILE,884,876,777,99,8,787,3164
8,FRANCISCO MORAZÁN,1,DISTRITO CENTRAL,1,DISTRITO CENTRAL,1,DISTRITO CENTRAL,613,BO. SOLEDAD NO.2,116,116,106,10,0,106,465
8,FRANCISCO MORAZÁN,1,DISTRITO CENTRAL,1,DISTRITO CENTRAL,1,DISTRITO CENTRAL,90,BO. TILOARQUE  SECTOR I,156,156,139,17,0,143,554
8,FRANCISCO MORAZÁN,1,DISTRITO CENTRAL,1,DISTRITO CENTRAL,1,DISTRITO CENTRAL,93,BO. VIERA,193,192,185,7,1,194,920
8,FRANCISCO MORAZÁN,1,DISTRITO CENTRAL,1,DISTRITO CENTRAL,1,DISTRITO CENTRAL,92,BO. VILLA ADELA,524,523,464,59,1,471,1880
8,FRANCISCO MORAZÁN,1,DISTRITO CENTRAL,1,DISTRITO CENTRAL,1,DISTRITO CENTRAL,502,BO. VILLA EL CIRUELO,73,73,69,4,0,69,308
8,FRANCISCO MORAZÁN,1,DISTRITO CENTRAL,1,DISTRITO CENTRAL,1,DISTRITO CENTRAL,537,BO.ALTOS DEL EDEN,4,4,4,0,0,4,19
8,FRANCISCO MORAZÁN,1,DISTRITO CENTRAL,1,DISTRITO CENTRAL,1,DISTRITO CENTRAL,539,BO.JARDINES DE CASAMATA,55,55,55,0,0,55,259
8,FRANCISCO MORAZÁN,1,DISTRITO CENTRAL,1,DISTRITO CENTRAL,1,DISTRITO CENTRAL,57,BO.LA PEDRERA NO.2,11,11,11,0,0,11,23
8,FRANCISCO MORAZÁN,1,DISTRITO CENTRAL,1,DISTRITO CENTRAL,1,DISTRITO CENTRAL,31,BOL. EL ZANCUDO,403,403,389,14,0,392,1770
8,FRANCISCO MORAZÁN,1,DISTRITO CENTRAL,1,DISTRITO CENTRAL,1,DISTRITO CENTRAL,560,BRISAS DE ORIENTE,287,287,240,47,0,240,1184
8,FRANCISCO MORAZÁN,1,DISTRITO CENTRAL,1,DISTRITO CENTRAL,1,DISTRITO CENTRAL,9,CASAMATA,245,245,221,24,0,224,906
8,FRANCISCO MORAZÁN,1,DISTRITO CENTRAL,1,DISTRITO CENTRAL,1,DISTRITO CENTRAL,586,CASERIO EL MOGOTE,55,55,55,0,0,57,263
8,FRANCISCO MORAZÁN,1,DISTRITO CENTRAL,1,DISTRITO CENTRAL,1,DISTRITO CENTRAL,954,CASERIO EL PORTILLO,17,17,14,3,0,14,60
8,FRANCISCO MORAZÁN,1,DISTRITO CENTRAL,1,DISTRITO CENTRAL,1,DISTRITO CENTRAL,953,CASERIO LA CAÑADA,258,258,207,51,0,217,987
8,FRANCISCO MORAZÁN,1,DISTRITO CENTRAL,1,DISTRITO CENTRAL,1,DISTRITO CENTRAL,375,CERRO JUAN A. LAINES,135,135,127,8,0,130,517
8,FRANCISCO MORAZÁN,1,DISTRITO CENTRAL,1,DISTRITO CENTRAL,1,DISTRITO CENTRAL,142,COL . EL HATO O SAN IGNACIO,313,313,253,60,0,256,1075
8,FRANCISCO MORAZÁN,1,DISTRITO CENTRAL,1,DISTRITO CENTRAL,1,DISTRITO CENTRAL,855,COL BERNARDO DAZZI   I  Y  II ETAPA,78,78,78,0,0,83,317
8,FRANCISCO MORAZÁN,1,DISTRITO CENTRAL,1,DISTRITO CENTRAL,1,DISTRITO CENTRAL,239,COL LOS ANGELES,192,192,179,13,0,179,740
8,FRANCISCO MORAZÁN,1,DISTRITO CENTRAL,1,DISTRITO CENTRAL,1,DISTRITO CENTRAL,572,COL NUEVA CAPITAL,3059,3035,2539,496,24,2612,11493
8,FRANCISCO MORAZÁN,1,DISTRITO CENTRAL,1,DISTRITO CENTRAL,1,DISTRITO CENTRAL,268,"COL NUEVA ERA ( ETAPA I, II, III )",319,319,289,30,0,289,1233
8,FRANCISCO MORAZÁN,1,DISTRITO CENTRAL,1,DISTRITO CENTRAL,1,DISTRITO CENTRAL,241,"COL RES. LOS GIRASOLES ( I, II, III",414,414,376,38,0,379,1549
8,FRANCISCO MORAZÁN,1,DISTRITO CENTRAL,1,DISTRITO CENTRAL,1,DISTRITO CENTRAL,844,COL.  HAMBURGO,12,12,12,0,0,12,53
8,FRANCISCO MORAZÁN,1,DISTRITO CENTRAL,1,DISTRITO CENTRAL,1,DISTRITO CENTRAL,278,COL. 11 DE JUNIO O SUAZO CORDOVA,429,427,403,24,2,419,1951
8,FRANCISCO MORAZÁN,1,DISTRITO CENTRAL,1,DISTRITO CENTRAL,1,DISTRITO CENTRAL,346,COL. 13 DE JULIO,236,236,212,24,0,219,999
8,FRANCISCO MORAZÁN,1,DISTRITO CENTRAL,1,DISTRITO CENTRAL,1,DISTRITO CENTRAL,388,COL. 14 DE ENERO,188,188,175,13,0,185,817
8,FRANCISCO MORAZÁN,1,DISTRITO CENTRAL,1,DISTRITO CENTRAL,1,DISTRITO CENTRAL,126,COL. 14 DE FEBRERO,134,134,119,15,0,124,677
8,FRANCISCO MORAZÁN,1,DISTRITO CENTRAL,1,DISTRITO CENTRAL,1,DISTRITO CENTRAL,127,COL. 14 DE MARZO,1499,1493,1197,296,6,1227,5535
8,FRANCISCO MORAZÁN,1,DISTRITO CENTRAL,1,DISTRITO CENTRAL,1,DISTRITO CENTRAL,290,COL. 15 DE SEPTIEMBRE,407,403,382,21,4,385,1538
8,FRANCISCO MORAZÁN,1,DISTRITO CENTRAL,1,DISTRITO CENTRAL,1,DISTRITO CENTRAL,389,COL. 17 DE SEPTIEMBRE,209,209,202,7,0,203,780
8,FRANCISCO MORAZÁN,1,DISTRITO CENTRAL,1,DISTRITO CENTRAL,1,DISTRITO CENTRAL,626,COL. 17 DE SEPTIEMBRE SECTOR NO.1,234,234,225,9,0,228,959
8,FRANCISCO MORAZÁN,1,DISTRITO CENTRAL,1,DISTRITO CENTRAL,1,DISTRITO CENTRAL,390,COL. 19 DE SEPTIEMBRE,452,452,429,23,0,437,2099
8,FRANCISCO MORAZÁN,1,DISTRITO CENTRAL,1,DISTRITO CENTRAL,1,DISTRITO CENTRAL,353,COL. 21 DE FEBRERO,1664,1662,1506,156,2,1549,6420
8,FRANCISCO MORAZÁN,1,DISTRITO CENTRAL,1,DISTRITO CENTRAL,1,DISTRITO CENTRAL,354,COL. 21 DE OCTUBRE,827,823,768,55,4,794,3415
8,FRANCISCO MORAZÁN,1,DISTRITO CENTRAL,1,DISTRITO CENTRAL,1,DISTRITO CENTRAL,391,COL. 23 DE JUNIO,425,424,394,30,1,406,1890
8,FRANCISCO MORAZÁN,1,DISTRITO CENTRAL,1,DISTRITO CENTRAL,1,DISTRITO CENTRAL,352,COL. 28 DE MARZO,936,936,888,48,0,935,4227
8,FRANCISCO MORAZÁN,1,DISTRITO CENTRAL,1,DISTRITO CENTRAL,1,DISTRITO CENTRAL,347,COL. 30 DE NOVIEMBRE,530,529,502,27,1,520,2240
8,FRANCISCO MORAZÁN,1,DISTRITO CENTRAL,1,DISTRITO CENTRAL,1,DISTRITO CENTRAL,95,COL. ALAMEDA,267,267,246,21,0,247,894
8,FRANCISCO MORAZÁN,1,DISTRITO CENTRAL,1,DISTRITO CENTRAL,1,DISTRITO CENTRAL,98,COL. ALEMANIA  NO. 2,129,129,129,0,0,132,656
8,FRANCISCO MORAZÁN,1,DISTRITO CENTRAL,1,DISTRITO CENTRAL,1,DISTRITO CENTRAL,97,COL. ALEMANIA NO. 1,242,242,213,29,0,222,1001
8,FRANCISCO MORAZÁN,1,DISTRITO CENTRAL,1,DISTRITO CENTRAL,1,DISTRITO CENTRAL,99,COL. ALTAMIRA,66,65,64,1,1,65,250
8,FRANCISCO MORAZÁN,1,DISTRITO CENTRAL,1,DISTRITO CENTRAL,1,DISTRITO CENTRAL,863,COL. ALTOS DE AGAFAM,75,75,75,0,0,75,340
8,FRANCISCO MORAZÁN,1,DISTRITO CENTRAL,1,DISTRITO CENTRAL,1,DISTRITO CENTRAL,100,COL. ALTOS DE CANTERO,79,79,79,0,0,81,390
8,FRANCISCO MORAZÁN,1,DISTRITO CENTRAL,1,DISTRITO CENTRAL,1,DISTRITO CENTRAL,870,COL. ALTOS DE CENTROAMERICA,433,433,370,63,0,384,1567
8,FRANCISCO MORAZÁN,1,DISTRITO CENTRAL,1,DISTRITO CENTRAL,1,DISTRITO CENTRAL,392,COL. ALTOS DE ELVEL,17,17,14,3,0,14,58
8,FRANCISCO MORAZÁN,1,DISTRITO CENTRAL,1,DISTRITO CENTRAL,1,DISTRITO CENTRAL,394,COL. ALTOS DE JARDINES DE LOARQUE,80,80,65,15,0,65,259
8,FRANCISCO MORAZÁN,1,DISTRITO CENTRAL,1,DISTRITO CENTRAL,1,DISTRITO CENTRAL,395,COL. ALTOS DE LA CABAÑA,175,175,165,10,0,165,787
8,FRANCISCO MORAZÁN,1,DISTRITO CENTRAL,1,DISTRITO CENTRAL,1,DISTRITO CENTRAL,101,COL. ALTOS DE LA DIVANNA,186,186,176,10,0,200,835
8,FRANCISCO MORAZÁN,1,DISTRITO CENTRAL,1,DISTRITO CENTRAL,1,DISTRITO CENTRAL,865,COL. ALTOS DE LA JOYA,9,9,9,0,0,9,37
8,FRANCISCO MORAZÁN,1,DISTRITO CENTRAL,1,DISTRITO CENTRAL,1,DISTRITO CENTRAL,898,COL. ALTOS DE LA LAGUNA,413,413,325,88,0,326,1345
8,FRANCISCO MORAZÁN,1,DISTRITO CENTRAL,1,DISTRITO CENTRAL,1,DISTRITO CENTRAL,253,COL. ALTOS DE LA MAYANGLE,213,213,190,23,0,190,860
8,FRANCISCO MORAZÁN,1,DISTRITO CENTRAL,1,DISTRITO CENTRAL,1,DISTRITO CENTRAL,624,COL. ALTOS DE LA MAYANGLE,89,89,64,25,0,64,274
8,FRANCISCO MORAZÁN,1,DISTRITO CENTRAL,1,DISTRITO CENTRAL,1,DISTRITO CENTRAL,102,COL. ALTOS DE LA PRIMAVERA,109,109,98,11,0,98,371
8,FRANCISCO MORAZÁN,1,DISTRITO CENTRAL,1,DISTRITO CENTRAL,1,DISTRITO CENTRAL,890,COL. ALTOS DE LA QUEZADA,89,89,65,24,0,65,299
8,FRANCISCO MORAZÁN,1,DISTRITO CENTRAL,1,DISTRITO CENTRAL,1,DISTRITO CENTRAL,950,COL. ALTOS DE LA SOSA,24,24,15,9,0,15,51
8,FRANCISCO MORAZÁN,1,DISTRITO CENTRAL,1,DISTRITO CENTRAL,1,DISTRITO CENTRAL,958,COL. ALTOS DE LAS CASCADAS,169,169,144,25,0,150,655
8,FRANCISCO MORAZÁN,1,DISTRITO CENTRAL,1,DISTRITO CENTRAL,1,DISTRITO CENTRAL,103,COL. ALTOS DE LAS VEGAS,37,37,35,2,0,35,137
8,FRANCISCO MORAZÁN,1,DISTRITO CENTRAL,1,DISTRITO CENTRAL,1,DISTRITO CENTRAL,104,COL. ALTOS DE LOARQUE,669,669,602,67,0,653,2708
8,FRANCISCO MORAZÁN,1,DISTRITO CENTRAL,1,DISTRITO CENTRAL,1,DISTRITO CENTRAL,397,COL. ALTOS DE LOS LAURELES,249,248,237,11,1,266,1149
8,FRANCISCO MORAZÁN,1,DISTRITO CENTRAL,1,DISTRITO CENTRAL,1,DISTRITO CENTRAL,398,COL. ALTOS DE MIRAMESI,88,88,88,0,0,93,382
8,FRANCISCO MORAZÁN,1,DISTRITO CENTRAL,1,DISTRITO CENTRAL,1,DISTRITO CENTRAL,105,COL. ALTOS DE MIRAMONTES,426,425,411,14,1,415,1413
8,FRANCISCO MORAZÁN,1,DISTRITO CENTRAL,1,DISTRITO CENTRAL,1,DISTRITO CENTRAL,399,COL. ALTOS DE SAN ISIDRO,148,148,131,17,0,138,614
8,FRANCISCO MORAZÁN,1,DISTRITO CENTRAL,1,DISTRITO CENTRAL,1,DISTRITO CENTRAL,107,COL. ALTOS DE SAN JOSÉ,104,104,104,0,0,108,502
8,FRANCISCO MORAZÁN,1,DISTRITO CENTRAL,1,DISTRITO CENTRAL,1,DISTRITO CENTRAL,108,COL. ALTOS DE TILOARQUE,218,217,199,18,1,200,861
8,FRANCISCO MORAZÁN,1,DISTRITO CENTRAL,1,DISTRITO CENTRAL,1,DISTRITO CENTRAL,400,COL. ALTOS DE TONCONTIN,144,144,109,35,0,109,501
8,FRANCISCO MORAZÁN,1,DISTRITO CENTRAL,1,DISTRITO CENTRAL,1,DISTRITO CENTRAL,109,COL. ALTOS DEL MILAGRO,123,123,108,15,0,113,544
8,FRANCISCO MORAZÁN,1,DISTRITO CENTRAL,1,DISTRITO CENTRAL,1,DISTRITO CENTRAL,401,COL. ALTOS DEL PARAÍSO,1204,1203,1060,143,1,1110,5083
8,FRANCISCO MORAZÁN,1,DISTRITO CENTRAL,1,DISTRITO CENTRAL,1,DISTRITO CENTRAL,547,COL. ALTOS DEL PEDREGALITO,165,165,161,4,0,164,765
8,FRANCISCO MORAZÁN,1,DISTRITO CENTRAL,1,DISTRITO CENTRAL,1,DISTRITO CENTRAL,110,COL. AMÉRICA,668,665,605,60,4,613,2483
8,FRANCISCO MORAZÁN,1,DISTRITO CENTRAL,1,DISTRITO CENTRAL,1,DISTRITO CENTRAL,111,COL. ARGENTINA,43,43,40,3,0,40,118
8,FRANCISCO MORAZÁN,1,DISTRITO CENTRAL,1,DISTRITO CENTRAL,1,DISTRITO CENTRAL,402,COL. ARTURO QUESADA,1810,1807,1687,120,3,1704,7030
8,FRANCISCO MORAZÁN,1,DISTRITO CENTRAL,1,DISTRITO CENTRAL,1,DISTRITO CENTRAL,112,COL. AURORA NO.1,578,578,471,107,0,502,1866
8,FRANCISCO MORAZÁN,1,DISTRITO CENTRAL,1,DISTRITO CENTRAL,1,DISTRITO CENTRAL,113,COL. AYESTAS,1400,1399,1252,147,1,1301,5502
8,FRANCISCO MORAZÁN,1,DISTRITO CENTRAL,1,DISTRITO CENTRAL,1,DISTRITO CENTRAL,114,COL. BELLA ORIENTE,695,694,627,67,1,639,2648
8,FRANCISCO MORAZÁN,1,DISTRITO CENTRAL,1,DISTRITO CENTRAL,1,DISTRITO CENTRAL,404,COL. BELLA VISTA NORTE,218,218,201,17,0,205,867
8,FRANCISCO MORAZÁN,1,DISTRITO CENTRAL,1,DISTRITO CENTRAL,1,DISTRITO CENTRAL,115,COL. BENDECK,193,193,176,17,0,181,720
8,FRANCISCO MORAZÁN,1,DISTRITO CENTRAL,1,DISTRITO CENTRAL,1,DISTRITO CENTRAL,887,COL. BERLIN,331,331,262,69,0,266,1099
8,FRANCISCO MORAZÁN,1,DISTRITO CENTRAL,1,DISTRITO CENTRAL,1,DISTRITO CENTRAL,405,COL. BERNARDO DAZZI,192,191,183,8,1,186,815
8,FRANCISCO MORAZÁN,1,DISTRITO CENTRAL,1,DISTRITO CENTRAL,1,DISTRITO CENTRAL,406,COL. BETHEL O DIOS PROVEERÁ,119,119,110,9,0,113,561
8,FRANCISCO MORAZÁN,1,DISTRITO CENTRAL,1,DISTRITO CENTRAL,1,DISTRITO CENTRAL,116,COL. BOLÍVAR,77,77,61,16,0,61,255
8,FRANCISCO MORAZÁN,1,DISTRITO CENTRAL,1,DISTRITO CENTRAL,1,DISTRITO CENTRAL,117,COL. BRASILIA,115,115,111,4,0,118,377
8,FRANCISCO MORAZÁN,1,DISTRITO CENTRAL,1,DISTRITO CENTRAL,1,DISTRITO CENTRAL,387,COL. BRISAS DE LA LAGUNA,89,89,88,1,0,89,435
8,FRANCISCO MORAZÁN,1,DISTRITO CENTRAL,1,DISTRITO CENTRAL,1,DISTRITO CENTRAL,119,COL. BRISAS DE OLANCHO,700,693,590,103,7,617,2792
8,FRANCISCO MORAZÁN,1,DISTRITO CENTRAL,1,DISTRITO CENTRAL,1,DISTRITO CENTRAL,120,COL. BRISAS DE SUYAPA,311,310,289,21,1,296,1099
8,FRANCISCO MORAZÁN,1,DISTRITO CENTRAL,1,DISTRITO CENTRAL,1,DISTRITO CENTRAL,407,COL. BRISAS DEL CORTIJO,72,72,71,1,0,72,310
8,FRANCISCO MORAZÁN,1,DISTRITO CENTRAL,1,DISTRITO CENTRAL,1,DISTRITO CENTRAL,892,COL. BRISAS DEL MOGOTE,69,69,54,15,0,55,267
8,FRANCISCO MORAZÁN,1,DISTRITO CENTRAL,1,DISTRITO CENTRAL,1,DISTRITO CENTRAL,5,COL. BRISAS DEL NORTE,472,472,406,66,0,440,1885
8,FRANCISCO MORAZÁN,1,DISTRITO CENTRAL,1,DISTRITO CENTRAL,1,DISTRITO CENTRAL,122,COL. BRISAS DEL VALLE,401,400,381,19,1,447,1939
8,FRANCISCO MORAZÁN,1,DISTRITO CENTRAL,1,DISTRITO CENTRAL,1,DISTRITO CENTRAL,622,COL. BUENA VISTA,322,322,296,26,0,302,1299
8,FRANCISCO MORAZÁN,1,DISTRITO CENTRAL,1,DISTRITO CENTRAL,1,DISTRITO CENTRAL,123,COL. BUENAS NUEVAS,247,247,239,8,0,243,1057
8,FRANCISCO MORAZÁN,1,DISTRITO CENTRAL,1,DISTRITO CENTRAL,1,DISTRITO CENTRAL,408,COL. CAMPAÑA ARRIBA,11,11,10,1,0,10,33
8,FRANCISCO MORAZÁN,1,DISTRITO CENTRAL,1,DISTRITO CENTRAL,1,DISTRITO CENTRAL,124,COL. CAMPO CIELO,1011,1008,917,91,3,964,4308
8,FRANCISCO MORAZÁN,1,DISTRITO CENTRAL,1,DISTRITO CENTRAL,1,DISTRITO CENTRAL,409,COL. CANAAN,1312,1312,1075,237,0,1110,5075
8,FRANCISCO MORAZÁN,1,DISTRITO CENTRAL,1,DISTRITO CENTRAL,1,DISTRITO CENTRAL,125,COL. CANADÁ,476,475,473,2,1,479,2100
8,FRANCISCO MORAZÁN,1,DISTRITO CENTRAL,1,DISTRITO CENTRAL,1,DISTRITO CENTRAL,410,COL. CANTARERO LÓPEZ,822,820,709,111,2,777,3436
8,FRANCISCO MORAZÁN,1,DISTRITO CENTRAL,1,DISTRITO CENTRAL,1,DISTRITO CENTRAL,411,COL. CASAVOLA,28,28,26,2,0,26,115
8,FRANCISCO MORAZÁN,1,DISTRITO CENTRAL,1,DISTRITO CENTRAL,1,DISTRITO CENTRAL,129,COL. CENTRO AMÉRICA OESTE,2549,2541,2222,319,8,2276,9647
8,FRANCISCO MORAZÁN,1,DISTRITO CENTRAL,1,DISTRITO CENTRAL,1,DISTRITO CENTRAL,128,"COL. CENTROAMÉRICA ( ETAPA I, II )",460,460,440,20,0,446,2042
8,FRANCISCO MORAZÁN,1,DISTRITO CENTRAL,1,DISTRITO CENTRAL,1,DISTRITO CENTRAL,138,COL. CERRITO,141,141,140,1,0,140,612
8,FRANCISCO MORAZÁN,1,DISTRITO CENTRAL,1,DISTRITO CENTRAL,1,DISTRITO CENTRAL,130,COL. CERRO GRANDE,3657,3652,3366,286,6,3406,14958
8,FRANCISCO MORAZÁN,1,DISTRITO CENTRAL,1,DISTRITO CENTRAL,1,DISTRITO CENTRAL,884,COL. CIUDAD GUZMAN,198,198,162,36,0,162,705
8,FRANCISCO MORAZÁN,1,DISTRITO CENTRAL,1,DISTRITO CENTRAL,1,DISTRITO CENTRAL,832,COL. CIUDAD JARDIN,34,34,34,0,0,34,127
8,FRANCISCO MORAZÁN,1,DISTRITO CENTRAL,1,DISTRITO CENTRAL,1,DISTRITO CENTRAL,131,COL. CIUDAD NUEVA,165,165,163,2,0,163,783
8,FRANCISCO MORAZÁN,1,DISTRITO CENTRAL,1,DISTRITO CENTRAL,1,DISTRITO CENTRAL,412,COL. COFRADÍA,88,88,80,8,0,82,339
8,FRANCISCO MORAZÁN,1,DISTRITO CENTRAL,1,DISTRITO CENTRAL,1,DISTRITO CENTRAL,934,COL. CONTINENTAL,75,75,61,14,0,62,281
8,FRANCISCO MORAZÁN,1,DISTRITO CENTRAL,1,DISTRITO CENTRAL,1,DISTRITO CENTRAL,413,COL. COOPERATIVA LAS MERCEDES,35,35,34,1,0,34,159
8,FRANCISCO MORAZÁN,1,DISTRITO CENTRAL,1,DISTRITO CENTRAL,1,DISTRITO CENTRAL,414,COL. COVESPUL,108,108,92,16,0,97,374
8,FRANCISCO MORAZÁN,1,DISTRITO CENTRAL,1,DISTRITO CENTRAL,1,DISTRITO CENTRAL,132,COL. CRISTÓBAL DÍAZ,90,90,84,6,0,97,449
8,FRANCISCO MORAZÁN,1,DISTRITO CENTRAL,1,DISTRITO CENTRAL,1,DISTRITO CENTRAL,133,COL. DIVANNA,595,595,559,36,0,631,2651
8,FRANCISCO MORAZÁN,1,DISTRITO CENTRAL,1,DISTRITO CENTRAL,1,DISTRITO CENTRAL,145,COL. EL  PEDERNAL,265,263,218,45,2,219,984
8,FRANCISCO MORAZÁN,1,DISTRITO CENTRAL,1,DISTRITO CENTRAL,1,DISTRITO CENTRAL,96,COL. EL ALAMO,313,313,272,41,0,283,1218
8,FRANCISCO MORAZÁN,1,DISTRITO CENTRAL,1,DISTRITO CENTRAL,1,DISTRITO CENTRAL,134,COL. EL CARRIZAL  NO. 1 - A,435,431,351,80,4,367,1582
8,FRANCISCO MORAZÁN,1,DISTRITO CENTRAL,1,DISTRITO CENTRAL,1,DISTRITO CENTRAL,614,COL. EL CARRIZAL NO. 1 B,687,687,608,79,0,687,2948
8,FRANCISCO MORAZÁN,1,DISTRITO CENTRAL,1,DISTRITO CENTRAL,1,DISTRITO CENTRAL,135,COL. EL CARRIZAL NO. 2,1436,1436,1258,178,0,1293,5408
8,FRANCISCO MORAZÁN,1,DISTRITO CENTRAL,1,DISTRITO CENTRAL,1,DISTRITO CENTRAL,136,COL. EL CASTAÑO,26,26,21,5,0,21,79
8,FRANCISCO MORAZÁN,1,DISTRITO CENTRAL,1,DISTRITO CENTRAL,1,DISTRITO CENTRAL,137,COL. EL CASTAÑO SUR,399,398,369,29,1,369,1602
8,FRANCISCO MORAZÁN,1,DISTRITO CENTRAL,1,DISTRITO CENTRAL,1,DISTRITO CENTRAL,139,COL. EL COUNTRY,177,177,161,16,0,161,704
8,FRANCISCO MORAZÁN,1,DISTRITO CENTRAL,1,DISTRITO CENTRAL,1,DISTRITO CENTRAL,140,COL. EL DORADO,29,29,28,1,0,30,137
8,FRANCISCO MORAZÁN,1,DISTRITO CENTRAL,1,DISTRITO CENTRAL,1,DISTRITO CENTRAL,141,COL. EL HATILLO,467,467,424,43,0,438,1996
8,FRANCISCO MORAZÁN,1,DISTRITO CENTRAL,1,DISTRITO CENTRAL,1,DISTRITO CENTRAL,143,COL. EL HOGAR,516,515,474,41,1,489,1838
8,FRANCISCO MORAZÁN,1,DISTRITO CENTRAL,1,DISTRITO CENTRAL,1,DISTRITO CENTRAL,860,COL. EL JAZMIN,198,197,174,23,1,180,786
8,FRANCISCO MORAZÁN,1,DISTRITO CENTRAL,1,DISTRITO CENTRAL,1,DISTRITO CENTRAL,144,COL. EL MANANTIAL,96,96,87,9,0,111,505
8,FRANCISCO MORAZÁN,1,DISTRITO CENTRAL,1,DISTRITO CENTRAL,1,DISTRITO CENTRAL,868,COL. EL MIRADOR,87,87,77,10,0,80,359
8,FRANCISCO MORAZÁN,1,DISTRITO CENTRAL,1,DISTRITO CENTRAL,1,DISTRITO CENTRAL,978,COL. EL MIRADOR,22,22,22,0,0,23,152
8,FRANCISCO MORAZÁN,1,DISTRITO CENTRAL,1,DISTRITO CENTRAL,1,DISTRITO CENTRAL,146,COL. EL PORVENIR,534,534,475,59,0,500,2167
8,FRANCISCO MORAZÁN,1,DISTRITO CENTRAL,1,DISTRITO CENTRAL,1,DISTRITO CENTRAL,147,COL. EL PRADO,227,227,224,3,0,225,941
8,FRANCISCO MORAZÁN,1,DISTRITO CENTRAL,1,DISTRITO CENTRAL,1,DISTRITO CENTRAL,148,COL. EL PROGRESO NO. 1,277,276,253,23,1,259,1074
8,FRANCISCO MORAZÁN,1,DISTRITO CENTRAL,1,DISTRITO CENTRAL,1,DISTRITO CENTRAL,149,COL. EL PROGRESO NO.2,75,75,67,8,0,69,290
8,FRANCISCO MORAZÁN,1,DISTRITO CENTRAL,1,DISTRITO CENTRAL,1,DISTRITO CENTRAL,151,COL. EL ROSARIO,704,704,626,78,0,636,2560
8,FRANCISCO MORAZÁN,1,DISTRITO CENTRAL,1,DISTRITO CENTRAL,1,DISTRITO CENTRAL,152,COL. EL SITIO,1041,1041,981,60,0,1015,4354
8,FRANCISCO MORAZÁN,1,DISTRITO CENTRAL,1,DISTRITO CENTRAL,1,DISTRITO CENTRAL,153,COL. EL SOCORRO,32,32,31,1,0,32,134
8,FRANCISCO MORAZÁN,1,DISTRITO CENTRAL,1,DISTRITO CENTRAL,1,DISTRITO CENTRAL,154,COL. EL TRIÁNGULO,64,64,58,6,0,58,222
8,FRANCISCO MORAZÁN,1,DISTRITO CENTRAL,1,DISTRITO CENTRAL,1,DISTRITO CENTRAL,157,COL. ELVEL,103,103,103,0,0,103,463
8,FRANCISCO MORAZÁN,1,DISTRITO CENTRAL,1,DISTRITO CENTRAL,1,DISTRITO CENTRAL,197,COL. ERA NO. 1,749,749,689,60,0,711,3234
8,FRANCISCO MORAZÁN,1,DISTRITO CENTRAL,1,DISTRITO CENTRAL,1,DISTRITO CENTRAL,198,COL. ERA NO. 2,657,656,640,16,1,665,2999
8,FRANCISCO MORAZÁN,1,DISTRITO CENTRAL,1,DISTRITO CENTRAL,1,DISTRITO CENTRAL,158,COL. ESPÍRITU SANTO,166,165,135,30,1,141,608
8,FRANCISCO MORAZÁN,1,DISTRITO CENTRAL,1,DISTRITO CENTRAL,1,DISTRITO CENTRAL,159,COL. ESTADOS UNIDOS,492,492,427,65,0,442,2052
8,FRANCISCO MORAZÁN,1,DISTRITO CENTRAL,1,DISTRITO CENTRAL,1,DISTRITO CENTRAL,416,COL. ESTIQUIRIN,2,2,2,0,0,2,16
8,FRANCISCO MORAZÁN,1,DISTRITO CENTRAL,1,DISTRITO CENTRAL,1,DISTRITO CENTRAL,417,COL. EUGENIO MATUTE CANIZALES,160,160,134,26,0,135,597
8,FRANCISCO MORAZÁN,1,DISTRITO CENTRAL,1,DISTRITO CENTRAL,1,DISTRITO CENTRAL,418,COL. F. CALDERÓN,26,26,26,0,0,27,114
8,FRANCISCO MORAZÁN,1,DISTRITO CENTRAL,1,DISTRITO CENTRAL,1,DISTRITO CENTRAL,160,COL. FALDAS DEL PEDREGAL,410,410,359,51,0,364,1527
8,FRANCISCO MORAZÁN,1,DISTRITO CENTRAL,1,DISTRITO CENTRAL,1,DISTRITO CENTRAL,161,COL. FÁTIMA,371,370,343,27,1,352,1691
8,FRANCISCO MORAZÁN,1,DISTRITO CENTRAL,1,DISTRITO CENTRAL,1,DISTRITO CENTRAL,162,COL. FEHCOVIL,87,87,85,2,0,91,356
8,FRANCISCO MORAZÁN,1,DISTRITO CENTRAL,1,DISTRITO CENTRAL,1,DISTRITO CENTRAL,165,COL. FLOR DEL CAMPO,3089,3084,2823,261,5,3090,14497
8,FRANCISCO MORAZÁN,1,DISTRITO CENTRAL,1,DISTRITO CENTRAL,1,DISTRITO CENTRAL,163,COL. FLOR NO.1,1192,1192,1043,149,0,1109,4946
8,FRANCISCO MORAZÁN,1,DISTRITO CENTRAL,1,DISTRITO CENTRAL,1,DISTRITO CENTRAL,164,COL. FLOR NO.2,466,466,413,53,0,428,1982
8,FRANCISCO MORAZÁN,1,DISTRITO CENTRAL,1,DISTRITO CENTRAL,1,DISTRITO CENTRAL,167,COL. FLORENCIA NORTE,329,328,312,16,1,314,986
8,FRANCISCO MORAZÁN,1,DISTRITO CENTRAL,1,DISTRITO CENTRAL,1,DISTRITO CENTRAL,168,COL. FLORENCIA SUR,101,101,92,9,0,92,336
8,FRANCISCO MORAZÁN,1,DISTRITO CENTRAL,1,DISTRITO CENTRAL,1,DISTRITO CENTRAL,169,COL. FLORES DE ORIENTE,624,623,571,52,1,603,2782
8,FRANCISCO MORAZÁN,1,DISTRITO CENTRAL,1,DISTRITO CENTRAL,1,DISTRITO CENTRAL,419,COL. FRANCISCO MORAZÁN,252,252,246,6,0,264,1223
8,FRANCISCO MORAZÁN,1,DISTRITO CENTRAL,1,DISTRITO CENTRAL,1,DISTRITO CENTRAL,170,COL. FRANCISCO MURILLO SOTO,131,131,126,5,0,139,637
8,FRANCISCO MORAZÁN,1,DISTRITO CENTRAL,1,DISTRITO CENTRAL,1,DISTRITO CENTRAL,861,COL. FUENTE MIRAFLORES,17,17,14,3,0,14,78
8,FRANCISCO MORAZÁN,1,DISTRITO CENTRAL,1,DISTRITO CENTRAL,1,DISTRITO CENTRAL,171,COL. FUERZAS ARMADAS,127,127,112,15,0,112,526
8,FRANCISCO MORAZÁN,1,DISTRITO CENTRAL,1,DISTRITO CENTRAL,1,DISTRITO CENTRAL,420,COL. FUERZAS UNIDAS,979,978,815,163,1,858,3851
8,FRANCISCO MORAZÁN,1,DISTRITO CENTRAL,1,DISTRITO CENTRAL,1,DISTRITO CENTRAL,612,COL. GENERACION 2000,167,167,159,8,0,161,689
8,FRANCISCO MORAZÁN,1,DISTRITO CENTRAL,1,DISTRITO CENTRAL,1,DISTRITO CENTRAL,955,COL. GEREZIN,82,82,70,12,0,72,334
8,FRANCISCO MORAZÁN,1,DISTRITO CENTRAL,1,DISTRITO CENTRAL,1,DISTRITO CENTRAL,172,COL. GODOY,206,204,157,47,2,164,650
8,FRANCISCO MORAZÁN,1,DISTRITO CENTRAL,1,DISTRITO CENTRAL,1,DISTRITO CENTRAL,173,COL. GRACIAS A DIOS,341,341,324,17,0,341,1492
8,FRANCISCO MORAZÁN,1,DISTRITO CENTRAL,1,DISTRITO CENTRAL,1,DISTRITO CENTRAL,294,COL. GRANADA,301,301,289,12,0,300,1414
8,FRANCISCO MORAZÁN,1,DISTRITO CENTRAL,1,DISTRITO CENTRAL,1,DISTRITO CENTRAL,175,COL. GUAMILITO,148,148,138,10,0,142,687
8,FRANCISCO MORAZÁN,1,DISTRITO CENTRAL,1,DISTRITO CENTRAL,1,DISTRITO CENTRAL,295,COL. GUAYMURAS,271,270,266,4,1,268,1137
8,FRANCISCO MORAZÁN,1,DISTRITO CENTRAL,1,DISTRITO CENTRAL,1,DISTRITO CENTRAL,176,COL. GUILLEN,1056,1055,978,77,1,1036,4302
8,FRANCISCO MORAZÁN,1,DISTRITO CENTRAL,1,DISTRITO CENTRAL,1,DISTRITO CENTRAL,177,COL. HATO DE ENMEDIO (SECTOR 1 AL 1,4262,4260,3935,325,2,4060,16823
8,FRANCISCO MORAZÁN,1,DISTRITO CENTRAL,1,DISTRITO CENTRAL,1,DISTRITO CENTRAL,178,COL. HENRY MERRIAN,145,145,142,3,0,156,704
8,FRANCISCO MORAZÁN,1,DISTRITO CENTRAL,1,DISTRITO CENTRAL,1,DISTRITO CENTRAL,421,COL. HERMANOS REINA,107,107,107,0,0,108,495
8,FRANCISCO MORAZÁN,1,DISTRITO CENTRAL,1,DISTRITO CENTRAL,1,DISTRITO CENTRAL,179,COL. HOLYWOOD,11,11,11,0,0,11,45
8,FRANCISCO MORAZÁN,1,DISTRITO CENTRAL,1,DISTRITO CENTRAL,1,DISTRITO CENTRAL,180,COL. HUMUYA,242,242,233,9,0,241,984
8,FRANCISCO MORAZÁN,1,DISTRITO CENTRAL,1,DISTRITO CENTRAL,1,DISTRITO CENTRAL,422,COL. IBERIA,821,821,725,96,0,754,3284
8,FRANCISCO MORAZÁN,1,DISTRITO CENTRAL,1,DISTRITO CENTRAL,1,DISTRITO CENTRAL,181,COL. INESTROZA,19,19,18,1,0,20,88
8,FRANCISCO MORAZÁN,1,DISTRITO CENTRAL,1,DISTRITO CENTRAL,1,DISTRITO CENTRAL,183,COL. INTERAMERICANA,123,123,122,1,0,129,558
8,FRANCISCO MORAZÁN,1,DISTRITO CENTRAL,1,DISTRITO CENTRAL,1,DISTRITO CENTRAL,185,COL. ISRAEL NORTE,506,506,475,31,0,481,2155
8,FRANCISCO MORAZÁN,1,DISTRITO CENTRAL,1,DISTRITO CENTRAL,1,DISTRITO CENTRAL,186,COL. ISRAEL SUR,231,230,189,41,1,192,896
8,FRANCISCO MORAZÁN,1,DISTRITO CENTRAL,1,DISTRITO CENTRAL,1,DISTRITO CENTRAL,184,COL. IZAGUIRRE,918,911,838,73,6,909,4145
8,FRANCISCO MORAZÁN,1,DISTRITO CENTRAL,1,DISTRITO CENTRAL,1,DISTRITO CENTRAL,187,COL. JACARANDÁ,40,40,34,6,0,35,138
8,FRANCISCO MORAZÁN,1,DISTRITO CENTRAL,1,DISTRITO CENTRAL,1,DISTRITO CENTRAL,423,COL. JAPÓN,299,298,278,20,1,314,1420
8,FRANCISCO MORAZÁN,1,DISTRITO CENTRAL,1,DISTRITO CENTRAL,1,DISTRITO CENTRAL,188,COL. JARDINES DE LOARQUE,607,601,545,56,5,555,2188
8,FRANCISCO MORAZÁN,1,DISTRITO CENTRAL,1,DISTRITO CENTRAL,1,DISTRITO CENTRAL,424,COL. JARDINES DE MIRAFLORES,143,143,130,13,0,130,475
8,FRANCISCO MORAZÁN,1,DISTRITO CENTRAL,1,DISTRITO CENTRAL,1,DISTRITO CENTRAL,189,COL. JARDINES DE SAN JOSÉ,94,94,92,2,0,98,446
8,FRANCISCO MORAZÁN,1,DISTRITO CENTRAL,1,DISTRITO CENTRAL,1,DISTRITO CENTRAL,190,COL. JARDINES DE TONCONTÍN,506,505,470,35,1,477,1820
8,FRANCISCO MORAZÁN,1,DISTRITO CENTRAL,1,DISTRITO CENTRAL,1,DISTRITO CENTRAL,191,COL. JARDINES DEL CARRIZAL,176,175,150,25,1,153,671
8,FRANCISCO MORAZÁN,1,DISTRITO CENTRAL,1,DISTRITO CENTRAL,1,DISTRITO CENTRAL,425,COL. JARDINES DEL NORTE,90,90,87,3,0,91,382
8,FRANCISCO MORAZÁN,1,DISTRITO CENTRAL,1,DISTRITO CENTRAL,1,DISTRITO CENTRAL,929,COL. JERUSALEN NO. 2,53,53,53,0,0,55,246
8,FRANCISCO MORAZÁN,1,DISTRITO CENTRAL,1,DISTRITO CENTRAL,1,DISTRITO CENTRAL,285,COL. JOSÉ ANGEL ULLOA ( SECTOR 1 AL,1479,1476,1267,209,3,1329,6118
8,FRANCISCO MORAZÁN,1,DISTRITO CENTRAL,1,DISTRITO CENTRAL,1,DISTRITO CENTRAL,426,COL. JOSÉ ARTURO DUARTE ( SECTOR 1,840,839,749,90,1,777,3249
8,FRANCISCO MORAZÁN,1,DISTRITO CENTRAL,1,DISTRITO CENTRAL,1,DISTRITO CENTRAL,192,COL. JOSÉ SIMÓN AZCONA,152,152,121,31,0,133,578
8,FRANCISCO MORAZÁN,1,DISTRITO CENTRAL,1,DISTRITO CENTRAL,1,DISTRITO CENTRAL,913,COL. JOSE TRINIDAD CABAÑAS,130,130,105,25,0,115,495
8,FRANCISCO MORAZÁN,1,DISTRITO CENTRAL,1,DISTRITO CENTRAL,1,DISTRITO CENTRAL,427,COL. JUAN LINDO,104,104,100,4,0,103,441
8,FRANCISCO MORAZÁN,1,DISTRITO CENTRAL,1,DISTRITO CENTRAL,1,DISTRITO CENTRAL,193,"COL. KENNEDY ( ZONA 1,2,3,4,5,6,)",4822,4810,4493,317,12,4647,18700
8,FRANCISCO MORAZÁN,1,DISTRITO CENTRAL,1,DISTRITO CENTRAL,1,DISTRITO CENTRAL,36,COL. LA ALHAMBRA,27,27,25,2,0,25,100
8,FRANCISCO MORAZÁN,1,DISTRITO CENTRAL,1,DISTRITO CENTRAL,1,DISTRITO CENTRAL,194,COL. LA CAMPAÑA,228,228,203,25,0,205,822
8,FRANCISCO MORAZÁN,1,DISTRITO CENTRAL,1,DISTRITO CENTRAL,1,DISTRITO CENTRAL,428,COL. LA CAMPAÑA O MAYA CENTRO,16,16,14,2,0,14,50
8,FRANCISCO MORAZÁN,1,DISTRITO CENTRAL,1,DISTRITO CENTRAL,1,DISTRITO CENTRAL,199,COL. LA ESPERANZA,824,823,782,41,1,839,3655
8,FRANCISCO MORAZÁN,1,DISTRITO CENTRAL,1,DISTRITO CENTRAL,1,DISTRITO CENTRAL,998,COL. LA FELICIDAD,174,174,156,18,0,158,736
8,FRANCISCO MORAZÁN,1,DISTRITO CENTRAL,1,DISTRITO CENTRAL,1,DISTRITO CENTRAL,200,COL. LA FRATERNIDAD,180,180,172,8,0,175,846
8,FRANCISCO MORAZÁN,1,DISTRITO CENTRAL,1,DISTRITO CENTRAL,1,DISTRITO CENTRAL,201,COL. LA FUENTE,285,284,254,30,1,258,1197
8,FRANCISCO MORAZÁN,1,DISTRITO CENTRAL,1,DISTRITO CENTRAL,1,DISTRITO CENTRAL,897,COL. LA FUENTE II ETAPA,74,74,63,11,0,65,296
8,FRANCISCO MORAZÁN,1,DISTRITO CENTRAL,1,DISTRITO CENTRAL,1,DISTRITO CENTRAL,202,COL. LA HAYA,386,386,348,38,0,354,1442
8,FRANCISCO MORAZÁN,1,DISTRITO CENTRAL,1,DISTRITO CENTRAL,1,DISTRITO CENTRAL,889,COL. LA HUERTA,89,89,71,18,0,71,307
8,FRANCISCO MORAZÁN,1,DISTRITO CENTRAL,1,DISTRITO CENTRAL,1,DISTRITO CENTRAL,182,COL. LA INDEPENDENCIA,1143,1140,1012,128,2,1063,5160
8,FRANCISCO MORAZÁN,1,DISTRITO CENTRAL,1,DISTRITO CENTRAL,1,DISTRITO CENTRAL,203,COL. LA JOYA,1092,1091,1039,52,1,1066,4652
8,FRANCISCO MORAZÁN,1,DISTRITO CENTRAL,1,DISTRITO CENTRAL,1,DISTRITO CENTRAL,204,COL. LA LAGUNA,234,234,214,20,0,232,1079
8,FRANCISCO MORAZÁN,1,DISTRITO CENTRAL,1,DISTRITO CENTRAL,1,DISTRITO CENTRAL,429,COL. LA LIBERTAD,117,117,104,13,0,106,448
8,FRANCISCO MORAZÁN,1,DISTRITO CENTRAL,1,DISTRITO CENTRAL,1,DISTRITO CENTRAL,864,COL. LA LIBERTAD 2 O CIUDAD PICHETE,182,182,162,20,0,164,675
8,FRANCISCO MORAZÁN,1,DISTRITO CENTRAL,1,DISTRITO CENTRAL,1,DISTRITO CENTRAL,205,COL. LA PEÑA,1745,1717,1524,193,28,1580,6757
8,FRANCISCO MORAZÁN,1,DISTRITO CENTRAL,1,DISTRITO CENTRAL,1,DISTRITO CENTRAL,206,COL. LA POPULAR,318,316,286,30,2,311,1514
8,FRANCISCO MORAZÁN,1,DISTRITO CENTRAL,1,DISTRITO CENTRAL,1,DISTRITO CENTRAL,207,COL. LA PRADERA,930,928,820,108,1,841,3503
8,FRANCISCO MORAZÁN,1,DISTRITO CENTRAL,1,DISTRITO CENTRAL,1,DISTRITO CENTRAL,208,COL. LA PRIMAVERA,304,302,279,23,1,289,1187
8,FRANCISCO MORAZÁN,1,DISTRITO CENTRAL,1,DISTRITO CENTRAL,1,DISTRITO CENTRAL,209,COL. LA PROVIDENCIA,167,167,148,19,0,150,646
8,FRANCISCO MORAZÁN,1,DISTRITO CENTRAL,1,DISTRITO CENTRAL,1,DISTRITO CENTRAL,210,COL. LA REFORMA,102,102,102,0,0,103,385
8,FRANCISCO MORAZÁN,1,DISTRITO CENTRAL,1,DISTRITO CENTRAL,1,DISTRITO CENTRAL,211,COL. LA ROSA,829,826,760,66,3,791,3655
8,FRANCISCO MORAZÁN,1,DISTRITO CENTRAL,1,DISTRITO CENTRAL,1,DISTRITO CENTRAL,212,COL. LA SOSA,1130,1130,1009,121,0,1050,4489
8,FRANCISCO MORAZÁN,1,DISTRITO CENTRAL,1,DISTRITO CENTRAL,1,DISTRITO CENTRAL,213,COL. LA TRINIDAD,932,932,781,151,0,808,3534
8,FRANCISCO MORAZÁN,1,DISTRITO CENTRAL,1,DISTRITO CENTRAL,1,DISTRITO CENTRAL,214,COL. LA TRINIDAD,212,212,184,28,0,188,933
8,FRANCISCO MORAZÁN,1,DISTRITO CENTRAL,1,DISTRITO CENTRAL,1,DISTRITO CENTRAL,215,COL. LA UNIÓN,216,215,187,28,1,195,815
8,FRANCISCO MORAZÁN,1,DISTRITO CENTRAL,1,DISTRITO CENTRAL,1,DISTRITO CENTRAL,216,COL. LARA,154,154,127,27,0,127,504
8,FRANCISCO MORAZÁN,1,DISTRITO CENTRAL,1,DISTRITO CENTRAL,1,DISTRITO CENTRAL,217,COL. LAS BRISAS,493,492,470,22,1,514,2475
8,FRANCISCO MORAZÁN,1,DISTRITO CENTRAL,1,DISTRITO CENTRAL,1,DISTRITO CENTRAL,195,COL. LAS CANTERAS,211,211,170,41,0,178,725
8,FRANCISCO MORAZÁN,1,DISTRITO CENTRAL,1,DISTRITO CENTRAL,1,DISTRITO CENTRAL,993,COL. LAS CASITAS,610,608,497,111,1,524,2254
8,FRANCISCO MORAZÁN,1,DISTRITO CENTRAL,1,DISTRITO CENTRAL,1,DISTRITO CENTRAL,63,COL. LAS CRUCITAS,109,109,95,14,0,95,476
8,FRANCISCO MORAZÁN,1,DISTRITO CENTRAL,1,DISTRITO CENTRAL,1,DISTRITO CENTRAL,430,COL. LAS GRANJITAS,111,111,103,8,0,103,468
8,FRANCISCO MORAZÁN,1,DISTRITO CENTRAL,1,DISTRITO CENTRAL,1,DISTRITO CENTRAL,234,COL. LAS LOMAS DEL GUIJARRO,363,363,308,55,0,311,1175
8,FRANCISCO MORAZÁN,1,DISTRITO CENTRAL,1,DISTRITO CENTRAL,1,DISTRITO CENTRAL,218,COL. LAS MERCEDES,1418,1416,1267,149,2,1295,5500
8,FRANCISCO MORAZÁN,1,DISTRITO CENTRAL,1,DISTRITO CENTRAL,1,DISTRITO CENTRAL,219,COL. LAS MINITAS,71,71,64,7,0,65,223
8,FRANCISCO MORAZÁN,1,DISTRITO CENTRAL,1,DISTRITO CENTRAL,1,DISTRITO CENTRAL,220,COL. LAS PALMAS,1559,1557,1406,151,1,1440,5882
8,FRANCISCO MORAZÁN,1,DISTRITO CENTRAL,1,DISTRITO CENTRAL,1,DISTRITO CENTRAL,221,COL. LAS PAVAS,335,335,293,42,0,297,1442
8,FRANCISCO MORAZÁN,1,DISTRITO CENTRAL,1,DISTRITO CENTRAL,1,DISTRITO CENTRAL,222,COL. LAS TORRES,1525,1525,1343,182,0,1460,6777
8,FRANCISCO MORAZÁN,1,DISTRITO CENTRAL,1,DISTRITO CENTRAL,1,DISTRITO CENTRAL,431,COL. LAS VEGAS 12,14,14,14,0,0,14,59
8,FRANCISCO MORAZÁN,1,DISTRITO CENTRAL,1,DISTRITO CENTRAL,1,DISTRITO CENTRAL,432,COL. LAS VEGAS 172,88,88,79,9,0,81,267
8,FRANCISCO MORAZÁN,1,DISTRITO CENTRAL,1,DISTRITO CENTRAL,1,DISTRITO CENTRAL,223,COL. LAS VEGAS DEL CARRIZAL,123,123,112,11,0,114,505
8,FRANCISCO MORAZÁN,1,DISTRITO CENTRAL,1,DISTRITO CENTRAL,1,DISTRITO CENTRAL,224,COL. LAS VEGAS DEL COUNTRY,346,346,332,14,0,344,1414
8,FRANCISCO MORAZÁN,1,DISTRITO CENTRAL,1,DISTRITO CENTRAL,1,DISTRITO CENTRAL,433,COL. LAS VEGAS DEL LA FLOR DEL CAMP,224,223,189,34,1,206,928
8,FRANCISCO MORAZÁN,1,DISTRITO CENTRAL,1,DISTRITO CENTRAL,1,DISTRITO CENTRAL,434,COL. LAS VEGAS DEL RÍO,99,99,91,8,0,91,348
8,FRANCISCO MORAZÁN,1,DISTRITO CENTRAL,1,DISTRITO CENTRAL,1,DISTRITO CENTRAL,435,COL. LAS VEGAS FECESITLICH,50,50,49,1,0,49,205
8,FRANCISCO MORAZÁN,1,DISTRITO CENTRAL,1,DISTRITO CENTRAL,1,DISTRITO CENTRAL,225,COL. LINCOCN,282,282,245,37,0,259,1275
8,FRANCISCO MORAZÁN,1,DISTRITO CENTRAL,1,DISTRITO CENTRAL,1,DISTRITO CENTRAL,923,COL. LINDA VISTA,134,134,112,22,0,116,476
8,FRANCISCO MORAZÁN,1,DISTRITO CENTRAL,1,DISTRITO CENTRAL,1,DISTRITO CENTRAL,972,COL. LINDA VISTA CENTRO,18,18,18,0,0,18,69
8,FRANCISCO MORAZÁN,1,DISTRITO CENTRAL,1,DISTRITO CENTRAL,1,DISTRITO CENTRAL,226,COL. LINDA VISTA O PLANES DEL GUIJA,84,84,78,6,0,79,282
8,FRANCISCO MORAZÁN,1,DISTRITO CENTRAL,1,DISTRITO CENTRAL,1,DISTRITO CENTRAL,227,COL. LINTÓN,124,124,94,30,0,97,413
8,FRANCISCO MORAZÁN,1,DISTRITO CENTRAL,1,DISTRITO CENTRAL,1,DISTRITO CENTRAL,973,COL. LIVERPOOL,251,251,217,34,0,221,873
8,FRANCISCO MORAZÁN,1,DISTRITO CENTRAL,1,DISTRITO CENTRAL,1,DISTRITO CENTRAL,436,COL. LOARQUE SUR,232,232,220,12,0,220,967
8,FRANCISCO MORAZÁN,1,DISTRITO CENTRAL,1,DISTRITO CENTRAL,1,DISTRITO CENTRAL,228,COL. LOMA LAS MINITAS,223,223,211,12,0,217,873
8,FRANCISCO MORAZÁN,1,DISTRITO CENTRAL,1,DISTRITO CENTRAL,1,DISTRITO CENTRAL,229,COL. LOMA LINDA NORTE,395,395,355,40,0,363,1676
8,FRANCISCO MORAZÁN,1,DISTRITO CENTRAL,1,DISTRITO CENTRAL,1,DISTRITO CENTRAL,230,COL. LOMA LINDA SUR,245,245,244,1,0,246,936
8,FRANCISCO MORAZÁN,1,DISTRITO CENTRAL,1,DISTRITO CENTRAL,1,DISTRITO CENTRAL,943,COL. LOMA VERDE NORTE,45,45,43,2,0,43,254
8,FRANCISCO MORAZÁN,1,DISTRITO CENTRAL,1,DISTRITO CENTRAL,1,DISTRITO CENTRAL,611,COL. LOMAS DE CIUDAD LEMPIRA,175,175,163,12,0,172,745
8,FRANCISCO MORAZÁN,1,DISTRITO CENTRAL,1,DISTRITO CENTRAL,1,DISTRITO CENTRAL,299,COL. LOMAS DE JACALEAPA,412,403,385,18,9,395,1626
8,FRANCISCO MORAZÁN,1,DISTRITO CENTRAL,1,DISTRITO CENTRAL,1,DISTRITO CENTRAL,886,COL. LOMAS DE LA FLORIDA,132,132,104,28,0,104,485
8,FRANCISCO MORAZÁN,1,DISTRITO CENTRAL,1,DISTRITO CENTRAL,1,DISTRITO CENTRAL,231,"COL. LOMAS DE TILOARQUE ( I, II ETA",543,543,517,26,0,517,2035
8,FRANCISCO MORAZÁN,1,DISTRITO CENTRAL,1,DISTRITO CENTRAL,1,DISTRITO CENTRAL,232,COL. LOMAS DEL CORTIJO,328,328,313,15,0,318,1279
8,FRANCISCO MORAZÁN,1,DISTRITO CENTRAL,1,DISTRITO CENTRAL,1,DISTRITO CENTRAL,233,COL. LOMAS DEL COUNTRY,155,155,150,5,0,151,618
8,FRANCISCO MORAZÁN,1,DISTRITO CENTRAL,1,DISTRITO CENTRAL,1,DISTRITO CENTRAL,235,COL. LOMAS DEL GUIJARRO  SUR,854,854,835,19,0,842,3822
8,FRANCISCO MORAZÁN,1,DISTRITO CENTRAL,1,DISTRITO CENTRAL,1,DISTRITO CENTRAL,961,COL. LOMAS DEL HATILLO,53,53,53,0,0,53,229
8,FRANCISCO MORAZÁN,1,DISTRITO CENTRAL,1,DISTRITO CENTRAL,1,DISTRITO CENTRAL,236,COL. LOMAS DEL MAYAC O PROFESIONALE,390,390,384,6,0,388,1811
8,FRANCISCO MORAZÁN,1,DISTRITO CENTRAL,1,DISTRITO CENTRAL,1,DISTRITO CENTRAL,885,COL. LOMAS DEL MOLINO,34,34,34,0,0,34,172
8,FRANCISCO MORAZÁN,1,DISTRITO CENTRAL,1,DISTRITO CENTRAL,1,DISTRITO CENTRAL,237,COL. LOMAS DEL NORTE,1027,1025,952,73,2,1003,4524
8,FRANCISCO MORAZÁN,1,DISTRITO CENTRAL,1,DISTRITO CENTRAL,1,DISTRITO CENTRAL,541,COL. LOMITAS DE SUYAPA,143,143,141,2,0,141,589
8,FRANCISCO MORAZÁN,1,DISTRITO CENTRAL,1,DISTRITO CENTRAL,1,DISTRITO CENTRAL,238,COL. LOS ALMENDROS,56,56,49,7,0,49,177
8,FRANCISCO MORAZÁN,1,DISTRITO CENTRAL,1,DISTRITO CENTRAL,1,DISTRITO CENTRAL,240,COL. LOS CENTENOS,249,249,232,17,0,235,1062
8,FRANCISCO MORAZÁN,1,DISTRITO CENTRAL,1,DISTRITO CENTRAL,1,DISTRITO CENTRAL,881,COL. LOS ENSUEÑOS,6,6,5,1,0,5,24
8,FRANCISCO MORAZÁN,1,DISTRITO CENTRAL,1,DISTRITO CENTRAL,1,DISTRITO CENTRAL,437,COL. LOS MOLINOS ( PROYECTO ),173,173,156,17,0,160,621
8,FRANCISCO MORAZÁN,1,DISTRITO CENTRAL,1,DISTRITO CENTRAL,1,DISTRITO CENTRAL,242,COL. LOS OLMOS,72,72,68,4,0,68,299
8,FRANCISCO MORAZÁN,1,DISTRITO CENTRAL,1,DISTRITO CENTRAL,1,DISTRITO CENTRAL,243,COL. LOS PERIODISTAS,56,56,46,10,0,56,212
8,FRANCISCO MORAZÁN,1,DISTRITO CENTRAL,1,DISTRITO CENTRAL,1,DISTRITO CENTRAL,244,COL. LOS PINOS,3093,3080,2826,254,13,2934,13029
8,FRANCISCO MORAZÁN,1,DISTRITO CENTRAL,1,DISTRITO CENTRAL,1,DISTRITO CENTRAL,245,COL. LOS PROCEDERES,73,73,67,6,0,68,287
8,FRANCISCO MORAZÁN,1,DISTRITO CENTRAL,1,DISTRITO CENTRAL,1,DISTRITO CENTRAL,959,COL. LOS QUEBRACHITOS,402,402,350,52,0,367,1646
8,FRANCISCO MORAZÁN,1,DISTRITO CENTRAL,1,DISTRITO CENTRAL,1,DISTRITO CENTRAL,247,COL. LOS SORZALES NO.1,297,297,283,14,0,320,1535
8,FRANCISCO MORAZÁN,1,DISTRITO CENTRAL,1,DISTRITO CENTRAL,1,DISTRITO CENTRAL,962,COL. LUIS ANDRES ZUNIGA II ETAPA,521,520,466,54,1,481,2019
8,FRANCISCO MORAZÁN,1,DISTRITO CENTRAL,1,DISTRITO CENTRAL,1,DISTRITO CENTRAL,438,COL. LUIS CORDOVA O CAPRISA,129,129,101,28,0,101,391
8,FRANCISCO MORAZÁN,1,DISTRITO CENTRAL,1,DISTRITO CENTRAL,1,DISTRITO CENTRAL,250,COL. MARADIAGA,111,111,104,7,0,105,461
8,FRANCISCO MORAZÁN,1,DISTRITO CENTRAL,1,DISTRITO CENTRAL,1,DISTRITO CENTRAL,439,COL. MARÍA CRISTINA,69,69,61,8,0,62,256
8,FRANCISCO MORAZÁN,1,DISTRITO CENTRAL,1,DISTRITO CENTRAL,1,DISTRITO CENTRAL,251,COL. MARICHAL,74,74,70,4,0,70,314
8,FRANCISCO MORAZÁN,1,DISTRITO CENTRAL,1,DISTRITO CENTRAL,1,DISTRITO CENTRAL,252,COL. MATAMOROS,116,116,97,19,0,97,323
8,FRANCISCO MORAZÁN,1,DISTRITO CENTRAL,1,DISTRITO CENTRAL,1,DISTRITO CENTRAL,254,COL. MELGAR CASTRO,68,68,67,1,0,74,300
8,FRANCISCO MORAZÁN,1,DISTRITO CENTRAL,1,DISTRITO CENTRAL,1,DISTRITO CENTRAL,835,COL. MILENIUM,150,150,139,11,0,139,587
8,FRANCISCO MORAZÁN,1,DISTRITO CENTRAL,1,DISTRITO CENTRAL,1,DISTRITO CENTRAL,255,COL. MIRADOR DE LOARQUE,32,32,26,6,0,26,92
8,FRANCISCO MORAZÁN,1,DISTRITO CENTRAL,1,DISTRITO CENTRAL,1,DISTRITO CENTRAL,256,COL. MIRADOR DE SAN ISIDRO,191,191,168,23,0,177,769
8,FRANCISCO MORAZÁN,1,DISTRITO CENTRAL,1,DISTRITO CENTRAL,1,DISTRITO CENTRAL,257,COL. MIRAFLORES,1653,1652,1527,125,1,1544,5900
8,FRANCISCO MORAZÁN,1,DISTRITO CENTRAL,1,DISTRITO CENTRAL,1,DISTRITO CENTRAL,258,COL. MIRAFLORES SUR,327,326,321,5,1,335,1387
8,FRANCISCO MORAZÁN,1,DISTRITO CENTRAL,1,DISTRITO CENTRAL,1,DISTRITO CENTRAL,849,"COL. MIRAFLORES SUR II, III, IV Y V ETAPA",79,70,60,10,9,60,275
8,FRANCISCO MORAZÁN,1,DISTRITO CENTRAL,1,DISTRITO CENTRAL,1,DISTRITO CENTRAL,259,COL. MIRAMONTES,296,296,295,1,0,299,1149
8,FRANCISCO MORAZÁN,1,DISTRITO CENTRAL,1,DISTRITO CENTRAL,1,DISTRITO CENTRAL,260,COL. MODELO,214,212,192,20,3,197,892
8,FRANCISCO MORAZÁN,1,DISTRITO CENTRAL,1,DISTRITO CENTRAL,1,DISTRITO CENTRAL,261,COL. MODESTO RODAS ALVARADO,418,416,386,30,2,397,1720
8,FRANCISCO MORAZÁN,1,DISTRITO CENTRAL,1,DISTRITO CENTRAL,1,DISTRITO CENTRAL,262,COL. MODESTO RODAS ALVARADO,294,294,281,13,0,316,1353
8,FRANCISCO MORAZÁN,1,DISTRITO CENTRAL,1,DISTRITO CENTRAL,1,DISTRITO CENTRAL,971,COL. MOLOLOA O ALTOS DE LA SOS,436,435,365,70,1,379,1668
8,FRANCISCO MORAZÁN,1,DISTRITO CENTRAL,1,DISTRITO CENTRAL,1,DISTRITO CENTRAL,263,COL. MONSEÑOR FIALLOS,521,521,484,37,0,502,2036
8,FRANCISCO MORAZÁN,1,DISTRITO CENTRAL,1,DISTRITO CENTRAL,1,DISTRITO CENTRAL,912,COL. MONTE DE LOS OLIVOS,425,425,395,30,0,415,1764
8,FRANCISCO MORAZÁN,1,DISTRITO CENTRAL,1,DISTRITO CENTRAL,1,DISTRITO CENTRAL,264,COL. MONTELIMAR,109,101,98,3,8,103,491
8,FRANCISCO MORAZÁN,1,DISTRITO CENTRAL,1,DISTRITO CENTRAL,1,DISTRITO CENTRAL,265,COL. MONTEREY,1258,1257,1068,189,1,1090,4381
8,FRANCISCO MORAZÁN,1,DISTRITO CENTRAL,1,DISTRITO CENTRAL,1,DISTRITO CENTRAL,266,COL. MONTEREY NORTE,156,156,131,25,0,138,524
8,FRANCISCO MORAZÁN,1,DISTRITO CENTRAL,1,DISTRITO CENTRAL,1,DISTRITO CENTRAL,856,COL. NORA DE MELGAR,54,54,51,3,0,56,233
8,FRANCISCO MORAZÁN,1,DISTRITO CENTRAL,1,DISTRITO CENTRAL,1,DISTRITO CENTRAL,441,COL. NUEVA AMANECER,149,149,144,5,0,154,724
8,FRANCISCO MORAZÁN,1,DISTRITO CENTRAL,1,DISTRITO CENTRAL,1,DISTRITO CENTRAL,442,COL. NUEVA DANLÍ,655,653,560,93,2,591,2520
8,FRANCISCO MORAZÁN,1,DISTRITO CENTRAL,1,DISTRITO CENTRAL,1,DISTRITO CENTRAL,269,COL. NUEVA ERA,131,131,122,9,0,138,637
8,FRANCISCO MORAZÁN,1,DISTRITO CENTRAL,1,DISTRITO CENTRAL,1,DISTRITO CENTRAL,452,COL. NUEVA ESPAÑA,347,346,336,10,1,338,1568
8,FRANCISCO MORAZÁN,1,DISTRITO CENTRAL,1,DISTRITO CENTRAL,1,DISTRITO CENTRAL,270,COL. NUEVA ESPERANZA,995,992,895,97,2,938,4237
8,FRANCISCO MORAZÁN,1,DISTRITO CENTRAL,1,DISTRITO CENTRAL,1,DISTRITO CENTRAL,888,COL. NUEVA GALILEA,116,116,105,11,0,107,475
8,FRANCISCO MORAZÁN,1,DISTRITO CENTRAL,1,DISTRITO CENTRAL,1,DISTRITO CENTRAL,869,COL. NUEVA JAPON,31,31,27,4,0,27,129
8,FRANCISCO MORAZÁN,1,DISTRITO CENTRAL,1,DISTRITO CENTRAL,1,DISTRITO CENTRAL,443,COL. NUEVA OROCUINA,291,290,253,37,1,258,1159
8,FRANCISCO MORAZÁN,1,DISTRITO CENTRAL,1,DISTRITO CENTRAL,1,DISTRITO CENTRAL,271,COL. NUEVA PROVIDENCIA,103,103,93,10,0,101,464
8,FRANCISCO MORAZÁN,1,DISTRITO CENTRAL,1,DISTRITO CENTRAL,1,DISTRITO CENTRAL,272,COL. NUEVA SANTA ROSA,447,446,440,6,1,474,2076
8,FRANCISCO MORAZÁN,1,DISTRITO CENTRAL,1,DISTRITO CENTRAL,1,DISTRITO CENTRAL,273,COL. NUEVA SUYAPA,1389,1389,1321,68,0,1443,6458
8,FRANCISCO MORAZÁN,1,DISTRITO CENTRAL,1,DISTRITO CENTRAL,1,DISTRITO CENTRAL,274,COL. NUEVAS DELICIAS,87,87,87,0,0,88,430
8,FRANCISCO MORAZÁN,1,DISTRITO CENTRAL,1,DISTRITO CENTRAL,1,DISTRITO CENTRAL,275,COL. NUEVO LOARQUE,145,142,117,25,3,119,453
8,FRANCISCO MORAZÁN,1,DISTRITO CENTRAL,1,DISTRITO CENTRAL,1,DISTRITO CENTRAL,276,COL. NUEVOS HORIZONTES,412,408,364,44,4,381,1814
8,FRANCISCO MORAZÁN,1,DISTRITO CENTRAL,1,DISTRITO CENTRAL,1,DISTRITO CENTRAL,277,COL. OBRERA,839,839,760,79,0,783,3103
8,FRANCISCO MORAZÁN,1,DISTRITO CENTRAL,1,DISTRITO CENTRAL,1,DISTRITO CENTRAL,960,COL. OJO DE AGUA,260,260,230,30,0,237,1055
8,FRANCISCO MORAZÁN,1,DISTRITO CENTRAL,1,DISTRITO CENTRAL,1,DISTRITO CENTRAL,279,COL. OSCAR A. FLORES,679,679,614,65,0,681,3096
8,FRANCISCO MORAZÁN,1,DISTRITO CENTRAL,1,DISTRITO CENTRAL,1,DISTRITO CENTRAL,444,COL. OSCAR CASTRO TEJEDA,140,140,136,4,0,139,748
8,FRANCISCO MORAZÁN,1,DISTRITO CENTRAL,1,DISTRITO CENTRAL,1,DISTRITO CENTRAL,280,COL. PALERMO,73,73,67,6,0,67,256
8,FRANCISCO MORAZÁN,1,DISTRITO CENTRAL,1,DISTRITO CENTRAL,1,DISTRITO CENTRAL,281,COL. PALMIRA,248,248,206,42,0,206,679
8,FRANCISCO MORAZÁN,1,DISTRITO CENTRAL,1,DISTRITO CENTRAL,1,DISTRITO CENTRAL,445,COL. PARCALTAGUA,44,44,32,12,0,32,116
8,FRANCISCO MORAZÁN,1,DISTRITO CENTRAL,1,DISTRITO CENTRAL,1,DISTRITO CENTRAL,282,COL. PAYAQUI,54,54,54,0,0,54,244
8,FRANCISCO MORAZÁN,1,DISTRITO CENTRAL,1,DISTRITO CENTRAL,1,DISTRITO CENTRAL,283,COL. PEDREGAL DE SAN JOSÉ,1252,1250,1153,97,1,1195,5362
8,FRANCISCO MORAZÁN,1,DISTRITO CENTRAL,1,DISTRITO CENTRAL,1,DISTRITO CENTRAL,284,COL. PEREZ,63,63,52,11,0,54,258
8,FRANCISCO MORAZÁN,1,DISTRITO CENTRAL,1,DISTRITO CENTRAL,1,DISTRITO CENTRAL,286,COL. PLAN  DE LOS PINOS,456,456,357,99,0,369,1487
8,FRANCISCO MORAZÁN,1,DISTRITO CENTRAL,1,DISTRITO CENTRAL,1,DISTRITO CENTRAL,922,COL. PLANES DEL MOGOTE,89,89,89,0,0,91,358
8,FRANCISCO MORAZÁN,1,DISTRITO CENTRAL,1,DISTRITO CENTRAL,1,DISTRITO CENTRAL,287,COL. POLICARPO PAZ GARCÍA,738,738,657,81,0,679,3087
8,FRANCISCO MORAZÁN,1,DISTRITO CENTRAL,1,DISTRITO CENTRAL,1,DISTRITO CENTRAL,446,COL. PREDIOS DEL RECREO,1026,1022,943,79,4,953,4021
8,FRANCISCO MORAZÁN,1,DISTRITO CENTRAL,1,DISTRITO CENTRAL,1,DISTRITO CENTRAL,447,COL. PUEBLO NUEVO,317,317,298,19,0,303,1151
8,FRANCISCO MORAZÁN,1,DISTRITO CENTRAL,1,DISTRITO CENTRAL,1,DISTRITO CENTRAL,289,COL. QUEZADA,133,133,113,20,0,116,432
8,FRANCISCO MORAZÁN,1,DISTRITO CENTRAL,1,DISTRITO CENTRAL,1,DISTRITO CENTRAL,448,COL. RAFAEL LEONARDO CALLEJAS,603,603,493,110,0,509,2283
8,FRANCISCO MORAZÁN,1,DISTRITO CENTRAL,1,DISTRITO CENTRAL,1,DISTRITO CENTRAL,449,COL. RAMÓN AMAYA AMADOR NO.1,22,22,22,0,0,22,124
8,FRANCISCO MORAZÁN,1,DISTRITO CENTRAL,1,DISTRITO CENTRAL,1,DISTRITO CENTRAL,291,COL. REPARTO MANDOFER,9,9,9,0,0,9,42
8,FRANCISCO MORAZÁN,1,DISTRITO CENTRAL,1,DISTRITO CENTRAL,1,DISTRITO CENTRAL,306,COL. REPÚBLICA DE VENEZUELA,622,620,561,59,2,579,2526
8,FRANCISCO MORAZÁN,1,DISTRITO CENTRAL,1,DISTRITO CENTRAL,1,DISTRITO CENTRAL,451,"COL. RES, LOS ZORZALES",27,27,27,0,0,28,139
8,FRANCISCO MORAZÁN,1,DISTRITO CENTRAL,1,DISTRITO CENTRAL,1,DISTRITO CENTRAL,498,COL. RES. AÉREOPUERTO,56,56,41,15,0,41,190
8,FRANCISCO MORAZÁN,1,DISTRITO CENTRAL,1,DISTRITO CENTRAL,1,DISTRITO CENTRAL,453,COL. RES. ALTA VISTA,59,59,54,5,0,55,227
8,FRANCISCO MORAZÁN,1,DISTRITO CENTRAL,1,DISTRITO CENTRAL,1,DISTRITO CENTRAL,292,COL. RES. ALTOS DE LAS COLINAS,136,136,127,9,0,127,538
8,FRANCISCO MORAZÁN,1,DISTRITO CENTRAL,1,DISTRITO CENTRAL,1,DISTRITO CENTRAL,454,COL. RES. ALTOS DEL TRAPICHE,794,791,720,71,2,724,2817
8,FRANCISCO MORAZÁN,1,DISTRITO CENTRAL,1,DISTRITO CENTRAL,1,DISTRITO CENTRAL,455,COL. RES. ATLANTIS,31,31,21,10,0,21,89
8,FRANCISCO MORAZÁN,1,DISTRITO CENTRAL,1,DISTRITO CENTRAL,1,DISTRITO CENTRAL,456,COL. RES. BUENA VISTA,18,18,18,0,0,19,88
8,FRANCISCO MORAZÁN,1,DISTRITO CENTRAL,1,DISTRITO CENTRAL,1,DISTRITO CENTRAL,457,COL. RES. CENTRO AMÉRICA ESTE,1002,1001,944,57,1,951,4202
8,FRANCISCO MORAZÁN,1,DISTRITO CENTRAL,1,DISTRITO CENTRAL,1,DISTRITO CENTRAL,458,COL. RES. CENTRO AMÉRICA ESTE ( ANE,99,99,81,18,0,82,373
8,FRANCISCO MORAZÁN,1,DISTRITO CENTRAL,1,DISTRITO CENTRAL,1,DISTRITO CENTRAL,459,COL. RES. CENTRO AMÉRICA ESTE (IV E,479,478,425,53,1,428,2034
8,FRANCISCO MORAZÁN,1,DISTRITO CENTRAL,1,DISTRITO CENTRAL,1,DISTRITO CENTRAL,460,COL. RES. EL JARDÍN,36,36,22,14,0,22,86
8,FRANCISCO MORAZÁN,1,DISTRITO CENTRAL,1,DISTRITO CENTRAL,1,DISTRITO CENTRAL,461,COL. RES. FRANCISCO MORAZÁN,1081,1078,1033,45,4,1051,4520
8,FRANCISCO MORAZÁN,1,DISTRITO CENTRAL,1,DISTRITO CENTRAL,1,DISTRITO CENTRAL,462,COL. RES. GLORIA A DIOS,26,25,25,0,1,25,113
8,FRANCISCO MORAZÁN,1,DISTRITO CENTRAL,1,DISTRITO CENTRAL,1,DISTRITO CENTRAL,463,COL. RES. HONDURAS,1423,1420,1286,134,3,1293,5510
8,FRANCISCO MORAZÁN,1,DISTRITO CENTRAL,1,DISTRITO CENTRAL,1,DISTRITO CENTRAL,196,COL. RES. LA CAÑADA,932,930,885,45,2,892,3723
8,FRANCISCO MORAZÁN,1,DISTRITO CENTRAL,1,DISTRITO CENTRAL,1,DISTRITO CENTRAL,464,COL. RES. LA HACIENDA (PROYECTO,194,194,176,18,0,181,594
8,FRANCISCO MORAZÁN,1,DISTRITO CENTRAL,1,DISTRITO CENTRAL,1,DISTRITO CENTRAL,298,COL. RES. LARA NORTE,64,64,59,5,0,59,236
8,FRANCISCO MORAZÁN,1,DISTRITO CENTRAL,1,DISTRITO CENTRAL,1,DISTRITO CENTRAL,296,COL. RES. LAS COLINAS,940,939,875,64,2,906,3449
8,FRANCISCO MORAZÁN,1,DISTRITO CENTRAL,1,DISTRITO CENTRAL,1,DISTRITO CENTRAL,465,COL. RES. LAS HADAS,784,784,758,26,0,774,3297
8,FRANCISCO MORAZÁN,1,DISTRITO CENTRAL,1,DISTRITO CENTRAL,1,DISTRITO CENTRAL,297,COL. RES. LAS JOYAS,108,108,96,12,0,99,409
8,FRANCISCO MORAZÁN,1,DISTRITO CENTRAL,1,DISTRITO CENTRAL,1,DISTRITO CENTRAL,466,COL. RES. LAS VEGAS,118,118,112,6,0,112,470
8,FRANCISCO MORAZÁN,1,DISTRITO CENTRAL,1,DISTRITO CENTRAL,1,DISTRITO CENTRAL,620,COL. RES. LAS VEGAS,34,34,18,16,0,18,64
8,FRANCISCO MORAZÁN,1,DISTRITO CENTRAL,1,DISTRITO CENTRAL,1,DISTRITO CENTRAL,468,COL. RES. LEMPIRA,425,425,387,38,0,391,1715
8,FRANCISCO MORAZÁN,1,DISTRITO CENTRAL,1,DISTRITO CENTRAL,1,DISTRITO CENTRAL,469,COL. RES. LOMA ALTA,31,31,30,1,0,30,122
8,FRANCISCO MORAZÁN,1,DISTRITO CENTRAL,1,DISTRITO CENTRAL,1,DISTRITO CENTRAL,983,COL. RES. LOMA ALTA,11,11,11,0,0,12,58
8,FRANCISCO MORAZÁN,1,DISTRITO CENTRAL,1,DISTRITO CENTRAL,1,DISTRITO CENTRAL,470,COL. RES. LOMAS DE SAN JOSÉ,173,173,173,0,0,175,779
8,FRANCISCO MORAZÁN,1,DISTRITO CENTRAL,1,DISTRITO CENTRAL,1,DISTRITO CENTRAL,472,"COL. RES. LOS CALPULES ( I,II, ETAP",728,728,656,72,0,660,2528
8,FRANCISCO MORAZÁN,1,DISTRITO CENTRAL,1,DISTRITO CENTRAL,1,DISTRITO CENTRAL,473,COL. RES. LOS MANGOS,13,13,12,1,0,12,48
8,FRANCISCO MORAZÁN,1,DISTRITO CENTRAL,1,DISTRITO CENTRAL,1,DISTRITO CENTRAL,474,COL. RES. LUINIZA,20,20,20,0,0,20,110
8,FRANCISCO MORAZÁN,1,DISTRITO CENTRAL,1,DISTRITO CENTRAL,1,DISTRITO CENTRAL,249,COL. RES. LUIS LANDA,134,134,132,2,0,134,614
8,FRANCISCO MORAZÁN,1,DISTRITO CENTRAL,1,DISTRITO CENTRAL,1,DISTRITO CENTRAL,475,COL. RES. MAYA,244,244,242,2,0,242,980
8,FRANCISCO MORAZÁN,1,DISTRITO CENTRAL,1,DISTRITO CENTRAL,1,DISTRITO CENTRAL,476,COL. RES. MAYA CENTRO,34,34,33,1,0,33,126
8,FRANCISCO MORAZÁN,1,DISTRITO CENTRAL,1,DISTRITO CENTRAL,1,DISTRITO CENTRAL,300,COL. RES. MONTE CARLOS,72,72,64,8,0,64,258
8,FRANCISCO MORAZÁN,1,DISTRITO CENTRAL,1,DISTRITO CENTRAL,1,DISTRITO CENTRAL,301,COL. RES. MONTE CARMELO,90,90,80,10,0,81,358
8,FRANCISCO MORAZÁN,1,DISTRITO CENTRAL,1,DISTRITO CENTRAL,1,DISTRITO CENTRAL,477,COL. RES. MONTE VERDE,75,75,75,0,0,79,356
8,FRANCISCO MORAZÁN,1,DISTRITO CENTRAL,1,DISTRITO CENTRAL,1,DISTRITO CENTRAL,302,COL. RES. PINARES,24,24,24,0,0,24,104
8,FRANCISCO MORAZÁN,1,DISTRITO CENTRAL,1,DISTRITO CENTRAL,1,DISTRITO CENTRAL,478,COL. RES. PRADOS UNIVERSITARIOS,1043,1041,993,48,1,1000,3920
8,FRANCISCO MORAZÁN,1,DISTRITO CENTRAL,1,DISTRITO CENTRAL,1,DISTRITO CENTRAL,479,COL. RES. RÍO ALTO,35,35,23,12,0,24,94
8,FRANCISCO MORAZÁN,1,DISTRITO CENTRAL,1,DISTRITO CENTRAL,1,DISTRITO CENTRAL,604,COL. RES. RUBEN ANTUNEZ,27,27,26,1,0,30,126
8,FRANCISCO MORAZÁN,1,DISTRITO CENTRAL,1,DISTRITO CENTRAL,1,DISTRITO CENTRAL,480,COL. RES. SANTA MARÍA,483,483,434,49,0,438,1890
8,FRANCISCO MORAZÁN,1,DISTRITO CENTRAL,1,DISTRITO CENTRAL,1,DISTRITO CENTRAL,471,COL. RES. TONCONTIN,1029,1028,920,108,1,921,3757
8,FRANCISCO MORAZÁN,1,DISTRITO CENTRAL,1,DISTRITO CENTRAL,1,DISTRITO CENTRAL,802,COL. RES. VILLA AURORA,45,45,43,2,0,43,178
8,FRANCISCO MORAZÁN,1,DISTRITO CENTRAL,1,DISTRITO CENTRAL,1,DISTRITO CENTRAL,304,COL. RES. VILLA DELMY,104,104,93,11,0,96,388
8,FRANCISCO MORAZÁN,1,DISTRITO CENTRAL,1,DISTRITO CENTRAL,1,DISTRITO CENTRAL,481,"COL. RES. VILLA SUYAPA (SECTOR I,II",573,572,563,9,1,571,2330
8,FRANCISCO MORAZÁN,1,DISTRITO CENTRAL,1,DISTRITO CENTRAL,1,DISTRITO CENTRAL,482,COL. RES. VILLA UNIVERSITARIA I ETA,219,219,213,6,0,214,974
8,FRANCISCO MORAZÁN,1,DISTRITO CENTRAL,1,DISTRITO CENTRAL,1,DISTRITO CENTRAL,484,COL. RESIDENCIAL LA CAÑADA,24,24,24,0,0,24,81
8,FRANCISCO MORAZÁN,1,DISTRITO CENTRAL,1,DISTRITO CENTRAL,1,DISTRITO CENTRAL,485,COL. RESIDENCIAL PLAZA,1530,1525,1386,139,5,1420,5639
8,FRANCISCO MORAZÁN,1,DISTRITO CENTRAL,1,DISTRITO CENTRAL,1,DISTRITO CENTRAL,307,COL. RÍO GRANDE NORTE,285,285,260,25,0,264,1070
8,FRANCISCO MORAZÁN,1,DISTRITO CENTRAL,1,DISTRITO CENTRAL,1,DISTRITO CENTRAL,308,COL. RÍO GRANDE SUR,267,264,240,24,3,240,949
8,FRANCISCO MORAZÁN,1,DISTRITO CENTRAL,1,DISTRITO CENTRAL,1,DISTRITO CENTRAL,309,COL. RIVAS,137,135,134,1,3,134,570
8,FRANCISCO MORAZÁN,1,DISTRITO CENTRAL,1,DISTRITO CENTRAL,1,DISTRITO CENTRAL,486,COL. RIVERA DE LA VEGA,214,214,197,17,0,222,1106
8,FRANCISCO MORAZÁN,1,DISTRITO CENTRAL,1,DISTRITO CENTRAL,1,DISTRITO CENTRAL,310,COL. ROBERTO SUAZO CORDOVA,281,281,243,38,0,252,1194
8,FRANCISCO MORAZÁN,1,DISTRITO CENTRAL,1,DISTRITO CENTRAL,1,DISTRITO CENTRAL,312,COL. RODRÍGUEZ,1138,1137,1036,101,1,1107,4337
8,FRANCISCO MORAZÁN,1,DISTRITO CENTRAL,1,DISTRITO CENTRAL,1,DISTRITO CENTRAL,487,COL. ROMA O COVIDEPROL,58,58,56,2,0,57,250
8,FRANCISCO MORAZÁN,1,DISTRITO CENTRAL,1,DISTRITO CENTRAL,1,DISTRITO CENTRAL,313,COL. ROSA LINDA,325,324,283,41,1,288,1310
8,FRANCISCO MORAZÁN,1,DISTRITO CENTRAL,1,DISTRITO CENTRAL,1,DISTRITO CENTRAL,314,COL. RUBÉN DARÍO,126,126,114,12,0,116,492
8,FRANCISCO MORAZÁN,1,DISTRITO CENTRAL,1,DISTRITO CENTRAL,1,DISTRITO CENTRAL,315,COL. SABANAGRANDE,178,177,170,7,1,172,675
8,FRANCISCO MORAZÁN,1,DISTRITO CENTRAL,1,DISTRITO CENTRAL,1,DISTRITO CENTRAL,316,COL. SAGASTUME NO.1,534,534,496,38,0,498,2161
8,FRANCISCO MORAZÁN,1,DISTRITO CENTRAL,1,DISTRITO CENTRAL,1,DISTRITO CENTRAL,317,COL. SAN ANGEL,931,930,858,72,1,894,3357
8,FRANCISCO MORAZÁN,1,DISTRITO CENTRAL,1,DISTRITO CENTRAL,1,DISTRITO CENTRAL,318,COL. SAN BUENA VENTURA,654,654,564,90,0,604,2657
8,FRANCISCO MORAZÁN,1,DISTRITO CENTRAL,1,DISTRITO CENTRAL,1,DISTRITO CENTRAL,319,COL. SAN CARLOS,61,60,50,10,1,50,183
8,FRANCISCO MORAZÁN,1,DISTRITO CENTRAL,1,DISTRITO CENTRAL,1,DISTRITO CENTRAL,933,COL. SAN EUGENIO,40,40,40,0,0,43,194
8,FRANCISCO MORAZÁN,1,DISTRITO CENTRAL,1,DISTRITO CENTRAL,1,DISTRITO CENTRAL,320,COL. SAN FRANCISCO,1300,1297,1169,128,3,1221,5449
8,FRANCISCO MORAZÁN,1,DISTRITO CENTRAL,1,DISTRITO CENTRAL,1,DISTRITO CENTRAL,321,COL. SAN JOSÉ,114,114,113,1,0,133,563
8,FRANCISCO MORAZÁN,1,DISTRITO CENTRAL,1,DISTRITO CENTRAL,1,DISTRITO CENTRAL,489,COL. SAN JOSÉ DE LA MONTAÑA,288,288,238,50,0,250,1051
8,FRANCISCO MORAZÁN,1,DISTRITO CENTRAL,1,DISTRITO CENTRAL,1,DISTRITO CENTRAL,322,COL. SAN JOSÉ DE LA PEÑA,637,637,535,102,0,544,2263
8,FRANCISCO MORAZÁN,1,DISTRITO CENTRAL,1,DISTRITO CENTRAL,1,DISTRITO CENTRAL,323,COL. SAN JOSÉ DE LA VEGA,777,777,718,59,0,729,3051
8,FRANCISCO MORAZÁN,1,DISTRITO CENTRAL,1,DISTRITO CENTRAL,1,DISTRITO CENTRAL,490,COL. SAN JOSÉ DE LOARQUE,322,321,306,15,1,318,1329
8,FRANCISCO MORAZÁN,1,DISTRITO CENTRAL,1,DISTRITO CENTRAL,1,DISTRITO CENTRAL,303,COL. SAN JOSE DE LOS LLANOS,795,794,699,95,1,710,2809
8,FRANCISCO MORAZÁN,1,DISTRITO CENTRAL,1,DISTRITO CENTRAL,1,DISTRITO CENTRAL,491,COL. SAN JUAN BOSCO,131,131,121,10,0,125,560
8,FRANCISCO MORAZÁN,1,DISTRITO CENTRAL,1,DISTRITO CENTRAL,1,DISTRITO CENTRAL,931,COL. SAN JUAN DE PUNTA ARENA,141,141,116,25,0,119,508
8,FRANCISCO MORAZÁN,1,DISTRITO CENTRAL,1,DISTRITO CENTRAL,1,DISTRITO CENTRAL,325,COL. SAN JUAN DEL NORTE NO. 2,398,398,338,60,0,371,1707
8,FRANCISCO MORAZÁN,1,DISTRITO CENTRAL,1,DISTRITO CENTRAL,1,DISTRITO CENTRAL,324,COL. SAN JUAN DEL NORTE NO.1,108,108,92,16,0,92,393
8,FRANCISCO MORAZÁN,1,DISTRITO CENTRAL,1,DISTRITO CENTRAL,1,DISTRITO CENTRAL,327,COL. SAN LORENZO,97,97,97,0,0,99,425
8,FRANCISCO MORAZÁN,1,DISTRITO CENTRAL,1,DISTRITO CENTRAL,1,DISTRITO CENTRAL,326,COL. SAN LUIS,132,132,126,6,0,131,530
8,FRANCISCO MORAZÁN,1,DISTRITO CENTRAL,1,DISTRITO CENTRAL,1,DISTRITO CENTRAL,328,COL. SAN MARTÍN,310,308,302,6,2,324,1426
8,FRANCISCO MORAZÁN,1,DISTRITO CENTRAL,1,DISTRITO CENTRAL,1,DISTRITO CENTRAL,329,COL. SAN MIGUEL,1944,1944,1764,180,0,1860,8050
8,FRANCISCO MORAZÁN,1,DISTRITO CENTRAL,1,DISTRITO CENTRAL,1,DISTRITO CENTRAL,380,COL. SAN RAFAEL,21,21,21,0,0,21,86
8,FRANCISCO MORAZÁN,1,DISTRITO CENTRAL,1,DISTRITO CENTRAL,1,DISTRITO CENTRAL,330,COL. SANTA ANITA O EL QUEBRACHAL,55,55,54,1,0,55,230
8,FRANCISCO MORAZÁN,1,DISTRITO CENTRAL,1,DISTRITO CENTRAL,1,DISTRITO CENTRAL,331,COL. SANTA BARBARA,59,59,49,10,0,49,180
8,FRANCISCO MORAZÁN,1,DISTRITO CENTRAL,1,DISTRITO CENTRAL,1,DISTRITO CENTRAL,332,COL. SANTA CECILIA  NO.1,69,69,65,4,0,67,277
8,FRANCISCO MORAZÁN,1,DISTRITO CENTRAL,1,DISTRITO CENTRAL,1,DISTRITO CENTRAL,949,COL. SANTA CLARA,133,133,132,1,0,133,580
8,FRANCISCO MORAZÁN,1,DISTRITO CENTRAL,1,DISTRITO CENTRAL,1,DISTRITO CENTRAL,87,COL. SANTA EDUVIGES,354,354,327,27,0,375,1568
8,FRANCISCO MORAZÁN,1,DISTRITO CENTRAL,1,DISTRITO CENTRAL,1,DISTRITO CENTRAL,333,COL. SANTA FE,596,596,537,59,0,549,2456
8,FRANCISCO MORAZÁN,1,DISTRITO CENTRAL,1,DISTRITO CENTRAL,1,DISTRITO CENTRAL,334,COL. SANTA ISABEL,92,92,81,11,0,96,438
8,FRANCISCO MORAZÁN,1,DISTRITO CENTRAL,1,DISTRITO CENTRAL,1,DISTRITO CENTRAL,336,COL. SANTA ISABEL NO.2,174,174,140,34,0,142,653
8,FRANCISCO MORAZÁN,1,DISTRITO CENTRAL,1,DISTRITO CENTRAL,1,DISTRITO CENTRAL,494,COL. SANTA ISABEL O PALMAS OESTES,379,379,370,9,0,384,1488
8,FRANCISCO MORAZÁN,1,DISTRITO CENTRAL,1,DISTRITO CENTRAL,1,DISTRITO CENTRAL,337,COL. SANTO DOMINGO,224,224,203,21,0,214,890
8,FRANCISCO MORAZÁN,1,DISTRITO CENTRAL,1,DISTRITO CENTRAL,1,DISTRITO CENTRAL,951,COL. SANTO TOMAS,13,13,13,0,0,13,42
8,FRANCISCO MORAZÁN,1,DISTRITO CENTRAL,1,DISTRITO CENTRAL,1,DISTRITO CENTRAL,338,COL. SATÉLITE,625,625,582,43,0,592,2378
8,FRANCISCO MORAZÁN,1,DISTRITO CENTRAL,1,DISTRITO CENTRAL,1,DISTRITO CENTRAL,339,COL. SEMPE,247,247,234,13,0,245,1056
8,FRANCISCO MORAZÁN,1,DISTRITO CENTRAL,1,DISTRITO CENTRAL,1,DISTRITO CENTRAL,340,COL. SMITH  NO. 1,296,296,249,47,0,253,1175
8,FRANCISCO MORAZÁN,1,DISTRITO CENTRAL,1,DISTRITO CENTRAL,1,DISTRITO CENTRAL,341,COL. SMITH NO. 2,171,171,136,35,0,148,660
8,FRANCISCO MORAZÁN,1,DISTRITO CENTRAL,1,DISTRITO CENTRAL,1,DISTRITO CENTRAL,342,COL. SOTO,490,489,396,93,1,403,1878
8,FRANCISCO MORAZÁN,1,DISTRITO CENTRAL,1,DISTRITO CENTRAL,1,DISTRITO CENTRAL,495,COL. SUPERACIÓN,110,110,96,14,0,98,448
8,FRANCISCO MORAZÁN,1,DISTRITO CENTRAL,1,DISTRITO CENTRAL,1,DISTRITO CENTRAL,496,COL. SUYAPITA,185,185,179,6,0,188,660
8,FRANCISCO MORAZÁN,1,DISTRITO CENTRAL,1,DISTRITO CENTRAL,1,DISTRITO CENTRAL,343,COL. TEPEYAC,353,353,339,14,0,340,1453
8,FRANCISCO MORAZÁN,1,DISTRITO CENTRAL,1,DISTRITO CENTRAL,1,DISTRITO CENTRAL,859,COL. TIERRA BLANCA,212,212,203,9,0,205,952
8,FRANCISCO MORAZÁN,1,DISTRITO CENTRAL,1,DISTRITO CENTRAL,1,DISTRITO CENTRAL,609,COL. TILOARQUE NORTE,18,18,17,1,0,18,67
8,FRANCISCO MORAZÁN,1,DISTRITO CENTRAL,1,DISTRITO CENTRAL,1,DISTRITO CENTRAL,345,COL. TOROCAGUA,1559,1555,1236,319,4,1302,5393
8,FRANCISCO MORAZÁN,1,DISTRITO CENTRAL,1,DISTRITO CENTRAL,1,DISTRITO CENTRAL,843,COL. TOWNHOUSE VILLA SOL,6,6,6,0,0,6,17
8,FRANCISCO MORAZÁN,1,DISTRITO CENTRAL,1,DISTRITO CENTRAL,1,DISTRITO CENTRAL,348,COL. TRES CAMINOS,359,357,353,4,2,355,1394
8,FRANCISCO MORAZÁN,1,DISTRITO CENTRAL,1,DISTRITO CENTRAL,1,DISTRITO CENTRAL,349,COL. TRES DE MAYO,2227,2224,2101,123,3,2275,10524
8,FRANCISCO MORAZÁN,1,DISTRITO CENTRAL,1,DISTRITO CENTRAL,1,DISTRITO CENTRAL,350,"COL. UNIVERSIDAD NORTE(I, II ETAPA)",320,320,309,11,0,319,1430
8,FRANCISCO MORAZÁN,1,DISTRITO CENTRAL,1,DISTRITO CENTRAL,1,DISTRITO CENTRAL,499,COL. VENECIA,452,452,422,30,0,429,1943
8,FRANCISCO MORAZÁN,1,DISTRITO CENTRAL,1,DISTRITO CENTRAL,1,DISTRITO CENTRAL,969,COL. VICENTE LOPEZ,31,31,25,6,0,25,96
8,FRANCISCO MORAZÁN,1,DISTRITO CENTRAL,1,DISTRITO CENTRAL,1,DISTRITO CENTRAL,355,COL. VÍCTOR  F. ARDÓN,364,364,324,40,0,324,1223
8,FRANCISCO MORAZÁN,1,DISTRITO CENTRAL,1,DISTRITO CENTRAL,1,DISTRITO CENTRAL,356,COL. VIEJA SANTA ROSA,88,88,87,1,0,94,356
8,FRANCISCO MORAZÁN,1,DISTRITO CENTRAL,1,DISTRITO CENTRAL,1,DISTRITO CENTRAL,357,COL. VIERA,128,128,124,4,0,124,522
8,FRANCISCO MORAZÁN,1,DISTRITO CENTRAL,1,DISTRITO CENTRAL,1,DISTRITO CENTRAL,500,COL. VILLA CENTRO AMÉRICA,51,51,31,20,0,31,128
8,FRANCISCO MORAZÁN,1,DISTRITO CENTRAL,1,DISTRITO CENTRAL,1,DISTRITO CENTRAL,501,COL. VILLA CENTRO AMÉRICANA ( III E,357,356,342,14,1,356,1512
8,FRANCISCO MORAZÁN,1,DISTRITO CENTRAL,1,DISTRITO CENTRAL,1,DISTRITO CENTRAL,358,"COL. VILLA CRISTINA ( ETAPA I, II,",1425,1422,1246,176,3,1307,5642
8,FRANCISCO MORAZÁN,1,DISTRITO CENTRAL,1,DISTRITO CENTRAL,1,DISTRITO CENTRAL,359,COL. VILLA DELMY,242,242,222,20,0,222,950
8,FRANCISCO MORAZÁN,1,DISTRITO CENTRAL,1,DISTRITO CENTRAL,1,DISTRITO CENTRAL,829,COL. VILLA ESMERALDA,80,80,71,9,0,71,290
8,FRANCISCO MORAZÁN,1,DISTRITO CENTRAL,1,DISTRITO CENTRAL,1,DISTRITO CENTRAL,305,COL. VILLA ESPAÑOLA,113,113,88,25,0,88,342
8,FRANCISCO MORAZÁN,1,DISTRITO CENTRAL,1,DISTRITO CENTRAL,1,DISTRITO CENTRAL,901,COL. VILLA ESTANZUELA O BARRIO NUEVO,238,238,205,33,0,211,932
8,FRANCISCO MORAZÁN,1,DISTRITO CENTRAL,1,DISTRITO CENTRAL,1,DISTRITO CENTRAL,360,COL. VILLA FRANCA,1039,1038,950,88,1,993,4631
8,FRANCISCO MORAZÁN,1,DISTRITO CENTRAL,1,DISTRITO CENTRAL,1,DISTRITO CENTRAL,361,COL. VILLA LOS LAURELES ( FLOR DEL,616,615,603,12,1,622,2705
8,FRANCISCO MORAZÁN,1,DISTRITO CENTRAL,1,DISTRITO CENTRAL,1,DISTRITO CENTRAL,503,COL. VILLA LOS REYES,93,93,72,21,0,72,308
8,FRANCISCO MORAZÁN,1,DISTRITO CENTRAL,1,DISTRITO CENTRAL,1,DISTRITO CENTRAL,504,COL. VILLA NELITA,57,57,54,3,0,56,243
8,FRANCISCO MORAZÁN,1,DISTRITO CENTRAL,1,DISTRITO CENTRAL,1,DISTRITO CENTRAL,362,COL. VILLA NUEVA NORTE,3842,3842,3574,268,0,3735,16433
8,FRANCISCO MORAZÁN,1,DISTRITO CENTRAL,1,DISTRITO CENTRAL,1,DISTRITO CENTRAL,363,COL. VILLA NUEVA SUR,4846,4838,4418,420,9,4561,19658
8,FRANCISCO MORAZÁN,1,DISTRITO CENTRAL,1,DISTRITO CENTRAL,1,DISTRITO CENTRAL,367,COL. VILLA NUEVA SUYAPA,2181,2181,1989,192,0,2033,8206
8,FRANCISCO MORAZÁN,1,DISTRITO CENTRAL,1,DISTRITO CENTRAL,1,DISTRITO CENTRAL,364,COL. VILLA SAN ANTONIO O BOQUERÓN,156,156,136,20,0,140,693
8,FRANCISCO MORAZÁN,1,DISTRITO CENTRAL,1,DISTRITO CENTRAL,1,DISTRITO CENTRAL,585,COL. VILLA SAN ROQUE,7,7,7,0,0,7,31
8,FRANCISCO MORAZÁN,1,DISTRITO CENTRAL,1,DISTRITO CENTRAL,1,DISTRITO CENTRAL,506,COL. VILLA UNION,1361,1357,1292,65,4,1377,5966
8,FRANCISCO MORAZÁN,1,DISTRITO CENTRAL,1,DISTRITO CENTRAL,1,DISTRITO CENTRAL,834,COL. VILLAS DE TILOARQUE,54,54,53,1,0,53,175
8,FRANCISCO MORAZÁN,1,DISTRITO CENTRAL,1,DISTRITO CENTRAL,1,DISTRITO CENTRAL,507,COL. VILLAS DEL RÍO,86,86,85,1,0,88,377
8,FRANCISCO MORAZÁN,1,DISTRITO CENTRAL,1,DISTRITO CENTRAL,1,DISTRITO CENTRAL,932,COL. VILLAS SAN JOSE,13,13,11,2,0,11,48
8,FRANCISCO MORAZÁN,1,DISTRITO CENTRAL,1,DISTRITO CENTRAL,1,DISTRITO CENTRAL,830,COL. VILLAS SANTA MONICA,15,15,11,4,0,11,32
8,FRANCISCO MORAZÁN,1,DISTRITO CENTRAL,1,DISTRITO CENTRAL,1,DISTRITO CENTRAL,508,COL. VISTA HERMOSA,730,730,652,78,0,673,3184
8,FRANCISCO MORAZÁN,1,DISTRITO CENTRAL,1,DISTRITO CENTRAL,1,DISTRITO CENTRAL,600,COL. VISTA HERMOSA,17,17,15,2,0,15,62
8,FRANCISCO MORAZÁN,1,DISTRITO CENTRAL,1,DISTRITO CENTRAL,1,DISTRITO CENTRAL,509,COL. VISTA HERMOSA DEL NORTE,204,203,182,21,1,189,941
8,FRANCISCO MORAZÁN,1,DISTRITO CENTRAL,1,DISTRITO CENTRAL,1,DISTRITO CENTRAL,366,COL. VISTA HERMOSA LOARQUE),214,214,175,39,0,179,695
8,FRANCISCO MORAZÁN,1,DISTRITO CENTRAL,1,DISTRITO CENTRAL,1,DISTRITO CENTRAL,368,COL. ZAPOTE CENTRO,612,612,576,36,0,603,2917
8,FRANCISCO MORAZÁN,1,DISTRITO CENTRAL,1,DISTRITO CENTRAL,1,DISTRITO CENTRAL,369,COL. ZAPOTE NORTE,343,342,332,10,1,345,1533
8,FRANCISCO MORAZÁN,1,DISTRITO CENTRAL,1,DISTRITO CENTRAL,1,DISTRITO CENTRAL,606,COL. ZONA DE LA CLINICA PERIFERICA DEL IHSS NO.2,42,42,41,1,0,41,163
8,FRANCISCO MORAZÁN,1,DISTRITO CENTRAL,1,DISTRITO CENTRAL,1,DISTRITO CENTRAL,531,COL. ZONA MIRAFLORES SUR,6,6,6,0,0,6,26
8,FRANCISCO MORAZÁN,1,DISTRITO CENTRAL,1,DISTRITO CENTRAL,1,DISTRITO CENTRAL,607,COL. ZUNLACAL,7,7,6,1,0,7,29
8,FRANCISCO MORAZÁN,1,DISTRITO CENTRAL,1,DISTRITO CENTRAL,1,DISTRITO CENTRAL,510,COL..LOMAS DE MIRAFLORES SUR,160,160,160,0,0,160,606
8,FRANCISCO MORAZÁN,1,DISTRITO CENTRAL,1,DISTRITO CENTRAL,1,DISTRITO CENTRAL,381,COL.1RO DE DICIEMBRE,1170,1167,991,176,3,1069,4944
8,FRANCISCO MORAZÁN,1,DISTRITO CENTRAL,1,DISTRITO CENTRAL,1,DISTRITO CENTRAL,533,COL.ALTOS DE LA JOYA,66,66,56,10,0,56,221
8,FRANCISCO MORAZÁN,1,DISTRITO CENTRAL,1,DISTRITO CENTRAL,1,DISTRITO CENTRAL,106,COL.ALTOS DE SAN FRANCISCO,732,729,717,12,3,829,3641
8,FRANCISCO MORAZÁN,1,DISTRITO CENTRAL,1,DISTRITO CENTRAL,1,DISTRITO CENTRAL,562,COL.ALTOS DEL PARAISO NO.2,66,66,56,10,0,62,297
8,FRANCISCO MORAZÁN,1,DISTRITO CENTRAL,1,DISTRITO CENTRAL,1,DISTRITO CENTRAL,511,COL.ARCIERI,348,348,320,28,0,351,1472
8,FRANCISCO MORAZÁN,1,DISTRITO CENTRAL,1,DISTRITO CENTRAL,1,DISTRITO CENTRAL,577,COL.ARCIERI NO.2,158,158,148,10,0,171,712
8,FRANCISCO MORAZÁN,1,DISTRITO CENTRAL,1,DISTRITO CENTRAL,1,DISTRITO CENTRAL,525,COL.ARMANDO CALIDONIO,83,83,81,2,0,82,373
8,FRANCISCO MORAZÁN,1,DISTRITO CENTRAL,1,DISTRITO CENTRAL,1,DISTRITO CENTRAL,578,COL.AURORA NO.2,65,65,58,7,0,59,230
8,FRANCISCO MORAZÁN,1,DISTRITO CENTRAL,1,DISTRITO CENTRAL,1,DISTRITO CENTRAL,540,COL.CASANDRA,115,115,115,0,0,116,456
8,FRANCISCO MORAZÁN,1,DISTRITO CENTRAL,1,DISTRITO CENTRAL,1,DISTRITO CENTRAL,512,COL.DAVID BETANCOURT,263,263,241,22,0,258,1178
8,FRANCISCO MORAZÁN,1,DISTRITO CENTRAL,1,DISTRITO CENTRAL,1,DISTRITO CENTRAL,554,COL.DE LA VEGA,6,6,6,0,0,6,37
8,FRANCISCO MORAZÁN,1,DISTRITO CENTRAL,1,DISTRITO CENTRAL,1,DISTRITO CENTRAL,530,COL.EL CONTADOR,84,84,84,0,0,91,389
8,FRANCISCO MORAZÁN,1,DISTRITO CENTRAL,1,DISTRITO CENTRAL,1,DISTRITO CENTRAL,150,COL.EL RETIRO,494,494,459,35,0,492,2295
8,FRANCISCO MORAZÁN,1,DISTRITO CENTRAL,1,DISTRITO CENTRAL,1,DISTRITO CENTRAL,415,COL.INDEPENDIENTE (ANTES EL PORTILL,54,54,54,0,0,61,239
8,FRANCISCO MORAZÁN,1,DISTRITO CENTRAL,1,DISTRITO CENTRAL,1,DISTRITO CENTRAL,543,COL.JESUS AGUILAR PAZ,86,86,68,18,0,71,293
8,FRANCISCO MORAZÁN,1,DISTRITO CENTRAL,1,DISTRITO CENTRAL,1,DISTRITO CENTRAL,538,COL.LA LEONESA DEL RINCON,90,90,75,15,0,76,345
8,FRANCISCO MORAZÁN,1,DISTRITO CENTRAL,1,DISTRITO CENTRAL,1,DISTRITO CENTRAL,529,COL.LOMA SUR,39,39,34,5,0,35,179
8,FRANCISCO MORAZÁN,1,DISTRITO CENTRAL,1,DISTRITO CENTRAL,1,DISTRITO CENTRAL,528,COL.LOMAS DE LOARQUE,75,75,73,2,0,73,291
8,FRANCISCO MORAZÁN,1,DISTRITO CENTRAL,1,DISTRITO CENTRAL,1,DISTRITO CENTRAL,523,COL.LOS ALPES,221,221,214,7,0,224,994
8,FRANCISCO MORAZÁN,1,DISTRITO CENTRAL,1,DISTRITO CENTRAL,1,DISTRITO CENTRAL,521,COL.LOS ALPES #2,154,154,146,8,0,153,668
8,FRANCISCO MORAZÁN,1,DISTRITO CENTRAL,1,DISTRITO CENTRAL,1,DISTRITO CENTRAL,527,COL.LOS ALPES B/16,20,20,20,0,0,20,94
8,FRANCISCO MORAZÁN,1,DISTRITO CENTRAL,1,DISTRITO CENTRAL,1,DISTRITO CENTRAL,246,COL.LOS ROBLES,827,826,755,71,1,767,3354
8,FRANCISCO MORAZÁN,1,DISTRITO CENTRAL,1,DISTRITO CENTRAL,1,DISTRITO CENTRAL,569,COL.LUIS ANDRES ZUNIGA,421,421,384,37,0,405,1878
8,FRANCISCO MORAZÁN,1,DISTRITO CENTRAL,1,DISTRITO CENTRAL,1,DISTRITO CENTRAL,534,COL.MARY DE FLORES,631,631,512,119,0,537,2394
8,FRANCISCO MORAZÁN,1,DISTRITO CENTRAL,1,DISTRITO CENTRAL,1,DISTRITO CENTRAL,702,COL.MONTE FRESCO,736,735,667,68,1,672,2703
8,FRANCISCO MORAZÁN,1,DISTRITO CENTRAL,1,DISTRITO CENTRAL,1,DISTRITO CENTRAL,514,COL.MONTES DE BENDICIÓN,401,401,342,59,0,347,1647
8,FRANCISCO MORAZÁN,1,DISTRITO CENTRAL,1,DISTRITO CENTRAL,1,DISTRITO CENTRAL,549,COL.NUEVA EDEN,156,156,145,11,0,156,700
8,FRANCISCO MORAZÁN,1,DISTRITO CENTRAL,1,DISTRITO CENTRAL,1,DISTRITO CENTRAL,565,COL.PUENTE DE LOARQUE O COLINAS DE,134,134,122,12,0,134,642
8,FRANCISCO MORAZÁN,1,DISTRITO CENTRAL,1,DISTRITO CENTRAL,1,DISTRITO CENTRAL,551,COL.RAMON AMAYA AMADOR NO2,1162,1157,1018,139,4,1088,5075
8,FRANCISCO MORAZÁN,1,DISTRITO CENTRAL,1,DISTRITO CENTRAL,1,DISTRITO CENTRAL,556,COL.SAGASTUME NO.2,409,407,351,56,2,369,1546
8,FRANCISCO MORAZÁN,1,DISTRITO CENTRAL,1,DISTRITO CENTRAL,1,DISTRITO CENTRAL,555,COL.SANTA ANA,55,55,49,6,0,51,236
8,FRANCISCO MORAZÁN,1,DISTRITO CENTRAL,1,DISTRITO CENTRAL,1,DISTRITO CENTRAL,532,COL.SANTA CECILIA,732,727,609,118,4,644,2811
8,FRANCISCO MORAZÁN,1,DISTRITO CENTRAL,1,DISTRITO CENTRAL,1,DISTRITO CENTRAL,351,COL.VALENCIA,126,126,115,11,0,117,491
8,FRANCISCO MORAZÁN,1,DISTRITO CENTRAL,1,DISTRITO CENTRAL,1,DISTRITO CENTRAL,552,COL.VILLAS COLONIALES ALTOS DE MIRA,55,55,55,0,0,55,154
8,FRANCISCO MORAZÁN,1,DISTRITO CENTRAL,1,DISTRITO CENTRAL,1,DISTRITO CENTRAL,867,COMUNIDAD SOCIAL,122,122,119,3,0,123,526
8,FRANCISCO MORAZÁN,1,DISTRITO CENTRAL,1,DISTRITO CENTRAL,1,DISTRITO CENTRAL,939,CONDOMINIOS ANDREWS ROUUS,7,7,6,1,0,6,20
8,FRANCISCO MORAZÁN,1,DISTRITO CENTRAL,1,DISTRITO CENTRAL,1,DISTRITO CENTRAL,880,CONDOMINIOS CASA DORAL,40,40,19,21,0,19,76
8,FRANCISCO MORAZÁN,1,DISTRITO CENTRAL,1,DISTRITO CENTRAL,1,DISTRITO CENTRAL,896,CONDOMINIOS EL COUNTRY,28,28,28,0,0,28,132
8,FRANCISCO MORAZÁN,1,DISTRITO CENTRAL,1,DISTRITO CENTRAL,1,DISTRITO CENTRAL,589,CONDOMINIOS MONTE VISTA,17,17,11,6,0,16,80
8,FRANCISCO MORAZÁN,1,DISTRITO CENTRAL,1,DISTRITO CENTRAL,1,DISTRITO CENTRAL,944,CONDOMINIOS OLIMPUS,35,35,35,0,0,35,107
8,FRANCISCO MORAZÁN,1,DISTRITO CENTRAL,1,DISTRITO CENTRAL,1,DISTRITO CENTRAL,938,CONDOMINIOS RIVERA NO.1,14,14,13,1,0,13,60
8,FRANCISCO MORAZÁN,1,DISTRITO CENTRAL,1,DISTRITO CENTRAL,1,DISTRITO CENTRAL,942,CONDOMINIOS RIVERA NO.2,16,16,16,0,0,16,59
8,FRANCISCO MORAZÁN,1,DISTRITO CENTRAL,1,DISTRITO CENTRAL,1,DISTRITO CENTRAL,940,CONDOMINIOS SAIN O NORE,6,6,6,0,0,6,22
8,FRANCISCO MORAZÁN,1,DISTRITO CENTRAL,1,DISTRITO CENTRAL,1,DISTRITO CENTRAL,941,CONDOMINIOS VENECIA,18,18,11,7,0,11,50
8,FRANCISCO MORAZÁN,1,DISTRITO CENTRAL,1,DISTRITO CENTRAL,1,DISTRITO CENTRAL,936,CONDOMINIOS VILLA CASTELAMAR,27,27,27,0,0,29,105
8,FRANCISCO MORAZÁN,1,DISTRITO CENTRAL,1,DISTRITO CENTRAL,1,DISTRITO CENTRAL,937,CONDOMINIOS VILLA SAN DIEGO,8,8,7,1,0,7,24
8,FRANCISCO MORAZÁN,1,DISTRITO CENTRAL,1,DISTRITO CENTRAL,1,DISTRITO CENTRAL,935,CONDOMINOS RIVIERA,23,23,20,3,0,20,91
8,FRANCISCO MORAZÁN,1,DISTRITO CENTRAL,1,DISTRITO CENTRAL,1,DISTRITO CENTRAL,156,EL ZARZAL O BETANÍA,642,642,618,24,0,646,2967
8,FRANCISCO MORAZÁN,1,DISTRITO CENTRAL,1,DISTRITO CENTRAL,1,DISTRITO CENTRAL,515,ERENDIDA,70,70,70,0,0,71,327
8,FRANCISCO MORAZÁN,1,DISTRITO CENTRAL,1,DISTRITO CENTRAL,1,DISTRITO CENTRAL,616,FALDAS RES. CENTROAMERICA ESTE,100,100,92,8,0,94,350
8,FRANCISCO MORAZÁN,1,DISTRITO CENTRAL,1,DISTRITO CENTRAL,1,DISTRITO CENTRAL,553,I.P.M.,121,121,86,35,0,86,378
8,FRANCISCO MORAZÁN,1,DISTRITO CENTRAL,1,DISTRITO CENTRAL,1,DISTRITO CENTRAL,952,INVASION AL OESTE DE CERRO GRANDE IV ETAPA,78,78,78,0,0,79,317
8,FRANCISCO MORAZÁN,1,DISTRITO CENTRAL,1,DISTRITO CENTRAL,1,DISTRITO CENTRAL,584,KUWAIT,188,188,187,1,0,200,958
8,FRANCISCO MORAZÁN,1,DISTRITO CENTRAL,1,DISTRITO CENTRAL,1,DISTRITO CENTRAL,568,LA CASCADA,275,274,191,83,1,194,853
8,FRANCISCO MORAZÁN,1,DISTRITO CENTRAL,1,DISTRITO CENTRAL,1,DISTRITO CENTRAL,581,LAS HADAS II ETAPA,55,55,54,1,0,54,201
8,FRANCISCO MORAZÁN,1,DISTRITO CENTRAL,1,DISTRITO CENTRAL,1,DISTRITO CENTRAL,999,LOARQUE SUR III ETAPA,92,92,79,13,0,79,344
8,FRANCISCO MORAZÁN,1,DISTRITO CENTRAL,1,DISTRITO CENTRAL,1,DISTRITO CENTRAL,542,LOMAS DE SAN JOSE II ETAPA,111,111,111,0,0,112,504
8,FRANCISCO MORAZÁN,1,DISTRITO CENTRAL,1,DISTRITO CENTRAL,1,DISTRITO CENTRAL,583,LOS OLIVOS,1,1,1,0,0,1,1
8,FRANCISCO MORAZÁN,1,DISTRITO CENTRAL,1,DISTRITO CENTRAL,1,DISTRITO CENTRAL,516,LOTIFICACION ALTOS DE LA LOMA,72,72,66,6,0,66,246
8,FRANCISCO MORAZÁN,1,DISTRITO CENTRAL,1,DISTRITO CENTRAL,1,DISTRITO CENTRAL,845,LOTIFICACION PLAZA JOYA,10,10,8,2,0,8,37
8,FRANCISCO MORAZÁN,1,DISTRITO CENTRAL,1,DISTRITO CENTRAL,1,DISTRITO CENTRAL,267,MONTES DE SINAI,453,453,418,35,0,433,1910
8,FRANCISCO MORAZÁN,1,DISTRITO CENTRAL,1,DISTRITO CENTRAL,1,DISTRITO CENTRAL,704,NUEVA JERUSALEN,640,640,573,67,0,603,2596
8,FRANCISCO MORAZÁN,1,DISTRITO CENTRAL,1,DISTRITO CENTRAL,1,DISTRITO CENTRAL,608,PASEO O FINCA LOS LAURELES,96,96,82,14,0,83,355
8,FRANCISCO MORAZÁN,1,DISTRITO CENTRAL,1,DISTRITO CENTRAL,1,DISTRITO CENTRAL,376,RES. ALEMAN,1007,1006,844,162,1,855,3763
8,FRANCISCO MORAZÁN,1,DISTRITO CENTRAL,1,DISTRITO CENTRAL,1,DISTRITO CENTRAL,874,RES. ALESSA,10,10,10,0,0,10,36
8,FRANCISCO MORAZÁN,1,DISTRITO CENTRAL,1,DISTRITO CENTRAL,1,DISTRITO CENTRAL,848,RES. ALTOS DE MIRAFLORES SUR,33,33,19,14,0,19,85
8,FRANCISCO MORAZÁN,1,DISTRITO CENTRAL,1,DISTRITO CENTRAL,1,DISTRITO CENTRAL,853,RES. ALTOS DE MIRAFLORES SUR I ETAPA,101,101,101,0,0,104,487
8,FRANCISCO MORAZÁN,1,DISTRITO CENTRAL,1,DISTRITO CENTRAL,1,DISTRITO CENTRAL,852,RES. ALTOS DE MIRAFLORES SUR II ETAPA,54,54,54,0,0,60,336
8,FRANCISCO MORAZÁN,1,DISTRITO CENTRAL,1,DISTRITO CENTRAL,1,DISTRITO CENTRAL,854,RES. ALTOS DE MIRAFLORES SUR III ETAPA,160,160,149,11,0,150,665
8,FRANCISCO MORAZÁN,1,DISTRITO CENTRAL,1,DISTRITO CENTRAL,1,DISTRITO CENTRAL,927,RES. ALTOS DE VENECIA,77,77,67,10,0,68,269
8,FRANCISCO MORAZÁN,1,DISTRITO CENTRAL,1,DISTRITO CENTRAL,1,DISTRITO CENTRAL,976,RES. AZULEJOS DE SAN IGNACIO,8,8,8,0,0,8,23
8,FRANCISCO MORAZÁN,1,DISTRITO CENTRAL,1,DISTRITO CENTRAL,1,DISTRITO CENTRAL,902,RES. CAMINO AL HATILLO,9,9,7,2,0,7,31
8,FRANCISCO MORAZÁN,1,DISTRITO CENTRAL,1,DISTRITO CENTRAL,1,DISTRITO CENTRAL,911,RES. CIUDAD DEL ANGEL,178,178,156,22,0,162,731
8,FRANCISCO MORAZÁN,1,DISTRITO CENTRAL,1,DISTRITO CENTRAL,1,DISTRITO CENTRAL,517,RES. CONDOMINIOS VIERA,81,81,71,10,0,71,255
8,FRANCISCO MORAZÁN,1,DISTRITO CENTRAL,1,DISTRITO CENTRAL,1,DISTRITO CENTRAL,989,RES. COPA CABANA,80,79,79,0,1,82,413
8,FRANCISCO MORAZÁN,1,DISTRITO CENTRAL,1,DISTRITO CENTRAL,1,DISTRITO CENTRAL,858,RES. EL DORADO,357,357,329,28,0,339,1430
8,FRANCISCO MORAZÁN,1,DISTRITO CENTRAL,1,DISTRITO CENTRAL,1,DISTRITO CENTRAL,947,RES. EL MIRADOR,29,29,29,0,0,29,123
8,FRANCISCO MORAZÁN,1,DISTRITO CENTRAL,1,DISTRITO CENTRAL,1,DISTRITO CENTRAL,836,RES. EL MOLINON,278,277,243,34,1,243,760
8,FRANCISCO MORAZÁN,1,DISTRITO CENTRAL,1,DISTRITO CENTRAL,1,DISTRITO CENTRAL,871,RES. EL PORTAL DE LAS FLORES N°1,20,20,20,0,0,20,87
8,FRANCISCO MORAZÁN,1,DISTRITO CENTRAL,1,DISTRITO CENTRAL,1,DISTRITO CENTRAL,872,RES. EL PORTAL DE LAS FLORES N°2,13,13,13,0,0,14,68
8,FRANCISCO MORAZÁN,1,DISTRITO CENTRAL,1,DISTRITO CENTRAL,1,DISTRITO CENTRAL,873,RES. EL PORTAL DE LAS FLORES N°3,3,3,3,0,0,3,14
8,FRANCISCO MORAZÁN,1,DISTRITO CENTRAL,1,DISTRITO CENTRAL,1,DISTRITO CENTRAL,909,RES. EL SAUCE,94,94,83,11,0,85,380
8,FRANCISCO MORAZÁN,1,DISTRITO CENTRAL,1,DISTRITO CENTRAL,1,DISTRITO CENTRAL,946,RES. FLORIDA I ETAPA,21,21,15,6,0,15,55
8,FRANCISCO MORAZÁN,1,DISTRITO CENTRAL,1,DISTRITO CENTRAL,1,DISTRITO CENTRAL,948,RES. FLORIDA II ETAPA,10,10,10,0,0,10,39
8,FRANCISCO MORAZÁN,1,DISTRITO CENTRAL,1,DISTRITO CENTRAL,1,DISTRITO CENTRAL,703,RES. HAMBURGO,12,12,12,0,0,12,36
8,FRANCISCO MORAZÁN,1,DISTRITO CENTRAL,1,DISTRITO CENTRAL,1,DISTRITO CENTRAL,916,RES. LA ARBOLEDA,173,173,167,6,0,167,591
8,FRANCISCO MORAZÁN,1,DISTRITO CENTRAL,1,DISTRITO CENTRAL,1,DISTRITO CENTRAL,920,RES. LA CONCEPCIÓN,175,175,158,17,0,159,622
8,FRANCISCO MORAZÁN,1,DISTRITO CENTRAL,1,DISTRITO CENTRAL,1,DISTRITO CENTRAL,582,RES. LA ESTANCIA(AGREGADA SEGMENTAC,5,5,5,0,0,5,26
8,FRANCISCO MORAZÁN,1,DISTRITO CENTRAL,1,DISTRITO CENTRAL,1,DISTRITO CENTRAL,882,RES. LA GRAN VILLA,21,21,21,0,0,21,111
8,FRANCISCO MORAZÁN,1,DISTRITO CENTRAL,1,DISTRITO CENTRAL,1,DISTRITO CENTRAL,990,RES. LAS CASCADAS II ETAPA,69,68,41,27,1,43,200
8,FRANCISCO MORAZÁN,1,DISTRITO CENTRAL,1,DISTRITO CENTRAL,1,DISTRITO CENTRAL,908,RES. LAS HADAS III ETAPA,178,176,175,1,2,179,813
8,FRANCISCO MORAZÁN,1,DISTRITO CENTRAL,1,DISTRITO CENTRAL,1,DISTRITO CENTRAL,866,RES. LAS PALMAS,20,20,20,0,0,20,69
8,FRANCISCO MORAZÁN,1,DISTRITO CENTRAL,1,DISTRITO CENTRAL,1,DISTRITO CENTRAL,610,RES. LAS UVAS (NOTA: PFF),149,149,149,0,0,155,631
8,FRANCISCO MORAZÁN,1,DISTRITO CENTRAL,1,DISTRITO CENTRAL,1,DISTRITO CENTRAL,919,RES. LAS UVAS II ETAPA,195,195,183,12,0,196,760
8,FRANCISCO MORAZÁN,1,DISTRITO CENTRAL,1,DISTRITO CENTRAL,1,DISTRITO CENTRAL,839,RES. LIQUIDAMBAR,58,58,58,0,0,58,191
8,FRANCISCO MORAZÁN,1,DISTRITO CENTRAL,1,DISTRITO CENTRAL,1,DISTRITO CENTRAL,838,RES. LOMAS DE CARRARA,8,8,8,0,0,8,28
8,FRANCISCO MORAZÁN,1,DISTRITO CENTRAL,1,DISTRITO CENTRAL,1,DISTRITO CENTRAL,917,"RES. LOS HIDALGOS CICUITO I, II Y III",362,362,293,69,0,296,1134
8,FRANCISCO MORAZÁN,1,DISTRITO CENTRAL,1,DISTRITO CENTRAL,1,DISTRITO CENTRAL,930,RES. LOS LIRIOS,59,59,55,4,0,55,205
8,FRANCISCO MORAZÁN,1,DISTRITO CENTRAL,1,DISTRITO CENTRAL,1,DISTRITO CENTRAL,833,RES. LOS PORTALES,140,140,137,3,0,137,506
8,FRANCISCO MORAZÁN,1,DISTRITO CENTRAL,1,DISTRITO CENTRAL,1,DISTRITO CENTRAL,627,RES. NORTE FRESCO,61,61,54,7,0,55,213
8,FRANCISCO MORAZÁN,1,DISTRITO CENTRAL,1,DISTRITO CENTRAL,1,DISTRITO CENTRAL,587,RES. PALMA REAL,428,428,332,96,0,335,1464
8,FRANCISCO MORAZÁN,1,DISTRITO CENTRAL,1,DISTRITO CENTRAL,1,DISTRITO CENTRAL,899,RES. PARIS,9,9,9,0,0,9,51
8,FRANCISCO MORAZÁN,1,DISTRITO CENTRAL,1,DISTRITO CENTRAL,1,DISTRITO CENTRAL,875,RES. PORTAL DEL BOSQUE,276,275,216,59,1,219,919
8,FRANCISCO MORAZÁN,1,DISTRITO CENTRAL,1,DISTRITO CENTRAL,1,DISTRITO CENTRAL,893,RES. PRADO VERDE,26,26,26,0,0,26,130
8,FRANCISCO MORAZÁN,1,DISTRITO CENTRAL,1,DISTRITO CENTRAL,1,DISTRITO CENTRAL,603,RES. PUERTA DEL SOL,11,11,11,0,0,13,64
8,FRANCISCO MORAZÁN,1,DISTRITO CENTRAL,1,DISTRITO CENTRAL,1,DISTRITO CENTRAL,985,RES. ROBLE ESTE I ETAPA,154,154,154,0,0,162,750
8,FRANCISCO MORAZÁN,1,DISTRITO CENTRAL,1,DISTRITO CENTRAL,1,DISTRITO CENTRAL,987,RES. ROBLE OESTE II ETAPA,366,365,295,70,1,308,1542
8,FRANCISCO MORAZÁN,1,DISTRITO CENTRAL,1,DISTRITO CENTRAL,1,DISTRITO CENTRAL,988,RES. ROBLE OESTE III ETAPA,124,124,124,0,0,130,609
8,FRANCISCO MORAZÁN,1,DISTRITO CENTRAL,1,DISTRITO CENTRAL,1,DISTRITO CENTRAL,842,RES. SAN JUAN,429,429,392,37,0,413,1584
8,FRANCISCO MORAZÁN,1,DISTRITO CENTRAL,1,DISTRITO CENTRAL,1,DISTRITO CENTRAL,918,RES. SANTA CRUZ,214,214,152,62,0,154,625
8,FRANCISCO MORAZÁN,1,DISTRITO CENTRAL,1,DISTRITO CENTRAL,1,DISTRITO CENTRAL,615,RES. TONCONTIN,161,161,161,0,0,173,798
8,FRANCISCO MORAZÁN,1,DISTRITO CENTRAL,1,DISTRITO CENTRAL,1,DISTRITO CENTRAL,847,RES. TULIPANES,61,61,47,14,0,47,177
8,FRANCISCO MORAZÁN,1,DISTRITO CENTRAL,1,DISTRITO CENTRAL,1,DISTRITO CENTRAL,900,RES. VENECIA I ETAPA,228,224,219,5,4,220,918
8,FRANCISCO MORAZÁN,1,DISTRITO CENTRAL,1,DISTRITO CENTRAL,1,DISTRITO CENTRAL,926,RES. VENECIA II ETAPA,164,164,162,2,0,182,831
8,FRANCISCO MORAZÁN,1,DISTRITO CENTRAL,1,DISTRITO CENTRAL,1,DISTRITO CENTRAL,857,RES. VIENA,21,21,19,2,0,19,64
8,FRANCISCO MORAZÁN,1,DISTRITO CENTRAL,1,DISTRITO CENTRAL,1,DISTRITO CENTRAL,906,RES. VILLA ALEXA,4,4,0,4,0,0,0
8,FRANCISCO MORAZÁN,1,DISTRITO CENTRAL,1,DISTRITO CENTRAL,1,DISTRITO CENTRAL,850,RES. VILLA BENETON,33,27,20,7,6,21,95
8,FRANCISCO MORAZÁN,1,DISTRITO CENTRAL,1,DISTRITO CENTRAL,1,DISTRITO CENTRAL,907,RES. VILLA CORINTO,30,30,8,22,0,8,35
8,FRANCISCO MORAZÁN,1,DISTRITO CENTRAL,1,DISTRITO CENTRAL,1,DISTRITO CENTRAL,877,RES. VILLA DANIA,7,7,6,1,0,7,29
8,FRANCISCO MORAZÁN,1,DISTRITO CENTRAL,1,DISTRITO CENTRAL,1,DISTRITO CENTRAL,879,RES. VILLA DE LAS HADAS,40,40,40,0,0,42,176
8,FRANCISCO MORAZÁN,1,DISTRITO CENTRAL,1,DISTRITO CENTRAL,1,DISTRITO CENTRAL,903,RES. VILLA EVELIN,7,7,5,2,0,5,20
8,FRANCISCO MORAZÁN,1,DISTRITO CENTRAL,1,DISTRITO CENTRAL,1,DISTRITO CENTRAL,980,RES. VILLA LA ORQUIDEA,25,25,25,0,0,25,124
8,FRANCISCO MORAZÁN,1,DISTRITO CENTRAL,1,DISTRITO CENTRAL,1,DISTRITO CENTRAL,981,RES. VILLA LOS GERANEOS,22,22,17,5,0,25,111
8,FRANCISCO MORAZÁN,1,DISTRITO CENTRAL,1,DISTRITO CENTRAL,1,DISTRITO CENTRAL,963,RES. VILLA LOS LAURELES,29,29,29,0,0,34,186
8,FRANCISCO MORAZÁN,1,DISTRITO CENTRAL,1,DISTRITO CENTRAL,1,DISTRITO CENTRAL,957,RES. VILLA LOS OLMOS,29,29,29,0,0,29,122
8,FRANCISCO MORAZÁN,1,DISTRITO CENTRAL,1,DISTRITO CENTRAL,1,DISTRITO CENTRAL,878,RES. VILLA MEDITERRANEA,30,30,28,2,0,28,128
8,FRANCISCO MORAZÁN,1,DISTRITO CENTRAL,1,DISTRITO CENTRAL,1,DISTRITO CENTRAL,968,RES. VILLA REAL,32,32,32,0,0,32,179
8,FRANCISCO MORAZÁN,1,DISTRITO CENTRAL,1,DISTRITO CENTRAL,1,DISTRITO CENTRAL,905,RES. VILLA SAN JORGE,30,30,30,0,0,30,126
8,FRANCISCO MORAZÁN,1,DISTRITO CENTRAL,1,DISTRITO CENTRAL,1,DISTRITO CENTRAL,851,RES. VILLA SANTA CRISTINA,38,38,33,5,0,36,178
8,FRANCISCO MORAZÁN,1,DISTRITO CENTRAL,1,DISTRITO CENTRAL,1,DISTRITO CENTRAL,964,RES. VILLAS BRASIL,14,14,14,0,0,15,78
8,FRANCISCO MORAZÁN,1,DISTRITO CENTRAL,1,DISTRITO CENTRAL,1,DISTRITO CENTRAL,840,RES. VILLAS COLONIAL,61,61,56,5,0,60,224
8,FRANCISCO MORAZÁN,1,DISTRITO CENTRAL,1,DISTRITO CENTRAL,1,DISTRITO CENTRAL,837,RES. VILLAS DEL MIRADOR,11,11,11,0,0,11,41
8,FRANCISCO MORAZÁN,1,DISTRITO CENTRAL,1,DISTRITO CENTRAL,1,DISTRITO CENTRAL,994,RES. VILLAS DEL MOLINON,34,34,32,2,0,33,153
8,FRANCISCO MORAZÁN,1,DISTRITO CENTRAL,1,DISTRITO CENTRAL,1,DISTRITO CENTRAL,966,RES. VILLAS DEL PINO,54,54,54,0,0,68,319
8,FRANCISCO MORAZÁN,1,DISTRITO CENTRAL,1,DISTRITO CENTRAL,1,DISTRITO CENTRAL,965,RES. VILLAS EUCALIPTO,28,28,25,3,0,30,157
8,FRANCISCO MORAZÁN,1,DISTRITO CENTRAL,1,DISTRITO CENTRAL,1,DISTRITO CENTRAL,914,RES. VILLAS LA ARBOLEDA I ETAPA,14,14,13,1,0,13,69
8,FRANCISCO MORAZÁN,1,DISTRITO CENTRAL,1,DISTRITO CENTRAL,1,DISTRITO CENTRAL,915,RES. VILLAS LA ARBOLEDA II ETAPA,15,15,15,0,0,15,67
8,FRANCISCO MORAZÁN,1,DISTRITO CENTRAL,1,DISTRITO CENTRAL,1,DISTRITO CENTRAL,956,RES. VILLAS LAS ACACIAS,40,40,40,0,0,41,137
8,FRANCISCO MORAZÁN,1,DISTRITO CENTRAL,1,DISTRITO CENTRAL,1,DISTRITO CENTRAL,862,RES. VILLAS LAS MARIAS,66,66,66,0,0,67,331
8,FRANCISCO MORAZÁN,1,DISTRITO CENTRAL,1,DISTRITO CENTRAL,1,DISTRITO CENTRAL,967,RES. VILLAS LIQUIDAMBAR,7,7,6,1,0,6,27
8,FRANCISCO MORAZÁN,1,DISTRITO CENTRAL,1,DISTRITO CENTRAL,1,DISTRITO CENTRAL,841,RES. VILLAS OESTE,24,24,21,3,0,21,84
8,FRANCISCO MORAZÁN,1,DISTRITO CENTRAL,1,DISTRITO CENTRAL,1,DISTRITO CENTRAL,625,RES. VILLAS PALMERAS DE SAN IGNACIO,128,128,128,0,0,132,545
8,FRANCISCO MORAZÁN,1,DISTRITO CENTRAL,1,DISTRITO CENTRAL,1,DISTRITO CENTRAL,992,RES. VILLAS ROBLES,14,14,7,7,0,7,37
8,FRANCISCO MORAZÁN,1,DISTRITO CENTRAL,1,DISTRITO CENTRAL,1,DISTRITO CENTRAL,876,RES. VILLAS SAN RAFAEL,21,21,20,1,0,20,76
8,FRANCISCO MORAZÁN,1,DISTRITO CENTRAL,1,DISTRITO CENTRAL,1,DISTRITO CENTRAL,995,RES. ZARAHENLA,173,172,113,59,1,113,396
8,FRANCISCO MORAZÁN,1,DISTRITO CENTRAL,1,DISTRITO CENTRAL,1,DISTRITO CENTRAL,557,RES.EL TRAPICHE,361,361,305,56,0,310,1531
8,FRANCISCO MORAZÁN,1,DISTRITO CENTRAL,1,DISTRITO CENTRAL,1,DISTRITO CENTRAL,991,RES.EUCALIPTO,35,35,35,0,0,35,145
8,FRANCISCO MORAZÁN,1,DISTRITO CENTRAL,1,DISTRITO CENTRAL,1,DISTRITO CENTRAL,526,RES.LOMAS DE NAUVOO,216,215,215,0,1,219,875
8,FRANCISCO MORAZÁN,1,DISTRITO CENTRAL,1,DISTRITO CENTRAL,1,DISTRITO CENTRAL,563,RES.VILLAS UNIVERSITARIAS NO.2,82,82,82,0,0,82,335
8,FRANCISCO MORAZÁN,1,DISTRITO CENTRAL,1,DISTRITO CENTRAL,1,DISTRITO CENTRAL,588,RESIDENCIAL NUEVA AUSTRALIA,429,422,381,41,7,397,1776
8,FRANCISCO MORAZÁN,1,DISTRITO CENTRAL,1,DISTRITO CENTRAL,1,DISTRITO CENTRAL,975,RESIDENCIAL QUINTA BELLA,34,34,34,0,0,37,167
8,FRANCISCO MORAZÁN,1,DISTRITO CENTRAL,1,DISTRITO CENTRAL,1,DISTRITO CENTRAL,564,ROBLE ALTO,87,87,87,0,0,87,388
8,FRANCISCO MORAZÁN,1,DISTRITO CENTRAL,1,DISTRITO CENTRAL,1,DISTRITO CENTRAL,924,TRAMO 21 DE OCTUBRE,19,19,19,0,0,21,93
8,FRANCISCO MORAZÁN,1,DISTRITO CENTRAL,1,DISTRITO CENTRAL,1,DISTRITO CENTRAL,710,TRAMO COL. JARDINES DEL NORTE,3,3,2,1,0,2,10
8,FRANCISCO MORAZÁN,1,DISTRITO CENTRAL,1,DISTRITO CENTRAL,1,DISTRITO CENTRAL,996,TRAMO RES. EL MOLINONCOL. LOMA,1,1,1,0,0,1,4
8,FRANCISCO MORAZÁN,1,DISTRITO CENTRAL,1,DISTRITO CENTRAL,1,DISTRITO CENTRAL,566,UNION Y FUERZA,701,701,603,98,0,637,2754
8,FRANCISCO MORAZÁN,1,DISTRITO CENTRAL,1,DISTRITO CENTRAL,1,DISTRITO CENTRAL,559,UNIVERSIDAD ESTE,10,10,10,0,0,10,46
8,FRANCISCO MORAZÁN,1,DISTRITO CENTRAL,1,DISTRITO CENTRAL,1,DISTRITO CENTRAL,579,URBANIZACION AGUA DULCE,112,112,105,7,0,106,458
8,FRANCISCO MORAZÁN,1,DISTRITO CENTRAL,1,DISTRITO CENTRAL,1,DISTRITO CENTRAL,518,URBANIZACIÓN LA CUMBRE,155,155,130,25,0,131,510
8,FRANCISCO MORAZÁN,1,DISTRITO CENTRAL,1,DISTRITO CENTRAL,1,DISTRITO CENTRAL,519,URBANIZACIÓN LOMA VERDE,59,57,56,1,2,56,300
8,FRANCISCO MORAZÁN,1,DISTRITO CENTRAL,1,DISTRITO CENTRAL,1,DISTRITO CENTRAL,708,VILLA ANTIGUA,7,7,0,7,0,0,0
8,FRANCISCO MORAZÁN,1,DISTRITO CENTRAL,1,DISTRITO CENTRAL,1,DISTRITO CENTRAL,974,VILLA FLORENCIA,11,11,11,0,0,11,51
8,FRANCISCO MORAZÁN,1,DISTRITO CENTRAL,1,DISTRITO CENTRAL,1,DISTRITO CENTRAL,910,VILLA LOS PINOS,11,11,7,4,0,8,28
8,FRANCISCO MORAZÁN,1,DISTRITO CENTRAL,1,DISTRITO CENTRAL,1,DISTRITO CENTRAL,928,VILLA SANTA ISABEL,9,9,9,0,0,9,32
8,FRANCISCO MORAZÁN,1,DISTRITO CENTRAL,1,DISTRITO CENTRAL,1,DISTRITO CENTRAL,535,VILLA SANTA MARGARITA,272,271,251,20,1,258,1158
8,FRANCISCO MORAZÁN,1,DISTRITO CENTRAL,1,DISTRITO CENTRAL,1,DISTRITO CENTRAL,986,VILLAS ALICANTES,20,20,20,0,0,22,113
8,FRANCISCO MORAZÁN,1,DISTRITO CENTRAL,1,DISTRITO CENTRAL,1,DISTRITO CENTRAL,977,VILLAS DE SAN IGNACIO,25,25,25,0,0,25,119
8,FRANCISCO MORAZÁN,1,DISTRITO CENTRAL,1,DISTRITO CENTRAL,1,DISTRITO CENTRAL,520,ZONA INDUSTRIAL  CAPRISA,2,2,2,0,0,2,11
8,FRANCISCO MORAZÁN,1,DISTRITO CENTRAL,1,DISTRITO CENTRAL,1,DISTRITO CENTRAL,378,ZONA LLANOS DEL POTRERO,49,49,43,6,0,43,166
8,FRANCISCO MORAZÁN,1,DISTRITO CENTRAL,1,DISTRITO CENTRAL,1,DISTRITO CENTRAL,379,ZONA PUENTE DE LOARQUE,26,26,26,0,0,26,99
